observation_date,Year,Start Month,Start Day,End Month,End Day,Start Date (Temp),End Date (Temp),Start Date (String),End Date (String),ZAFPROMANMISMEI,South Africa Industrial Production
1990-01-01,1990,1,1,1,31,1990-01-01,1990-01-31,1990-01-01,1990-01-31,75.8296275591945,75.83
1990-02-01,1990,2,1,2,28,1990-02-01,1990-02-28,1990-02-01,1990-02-28,76.1500292828767,76.15
1990-03-01,1990,3,1,3,31,1990-03-01,1990-03-31,1990-03-01,1990-03-30,76.2813240699115,76.28
1990-04-01,1990,4,1,4,30,1990-04-01,1990-04-30,1990-04-02,1990-04-30,76.8933881560544,76.89
1990-05-01,1990,5,1,5,31,1990-05-01,1990-05-31,1990-05-01,1990-05-31,75.3576269695768,75.36
1990-06-01,1990,6,1,6,30,1990-06-01,1990-06-30,1990-06-01,1990-06-29,76.8472938933518,76.85
1990-07-01,1990,7,1,7,31,1990-07-01,1990-07-31,1990-07-02,1990-07-31,75.5580482653087,75.56
1990-08-01,1990,8,1,8,31,1990-08-01,1990-08-31,1990-08-01,1990-08-31,76.3814778086648,76.38
1990-09-01,1990,9,1,9,30,1990-09-01,1990-09-30,1990-09-03,1990-09-28,75.4871095339310,75.49
1990-10-01,1990,10,1,10,31,1990-10-01,1990-10-31,1990-10-01,1990-10-31,74.2918736643305,74.29
1990-11-01,1990,11,1,11,30,1990-11-01,1990-11-30,1990-11-01,1990-11-30,75.2611148378185,75.26
1990-12-01,1990,12,1,12,31,1990-12-01,1990-12-31,1990-12-03,1990-12-31,73.6693166390300,73.67
1991-01-01,1991,1,1,1,31,1991-01-01,1991-01-31,1991-01-01,1991-01-31,74.1642165382780,74.16
1991-02-01,1991,2,1,2,28,1991-02-01,1991-02-28,1991-02-01,1991-02-28,73.5251639094472,73.53
1991-03-01,1991,3,1,3,31,1991-03-01,1991-03-31,1991-03-01,1991-03-29,72.4738397892940,72.47
1991-04-01,1991,4,1,4,30,1991-04-01,1991-04-30,1991-04-01,1991-04-30,77.5636458424894,77.56
1991-05-01,1991,5,1,5,31,1991-05-01,1991-05-31,1991-05-01,1991-05-31,71.7116707007330,71.71
1991-06-01,1991,6,1,6,30,1991-06-01,1991-06-30,1991-06-03,1991-06-28,74.2808596769096,74.28
1991-07-01,1991,7,1,7,31,1991-07-01,1991-07-31,1991-07-01,1991-07-31,72.6973819092521,72.70
1991-08-01,1991,8,1,8,31,1991-08-01,1991-08-31,1991-08-01,1991-08-30,72.6484435121234,72.65
1991-09-01,1991,9,1,9,30,1991-09-01,1991-09-30,1991-09-02,1991-09-30,73.8175529051592,73.82
1991-10-01,1991,10,1,10,31,1991-10-01,1991-10-31,1991-10-01,1991-10-31,71.5964975086565,71.60
1991-11-01,1991,11,1,11,30,1991-11-01,1991-11-30,1991-11-01,1991-11-29,70.7301582708365,70.73
1991-12-01,1991,12,1,12,31,1991-12-01,1991-12-31,1991-12-02,1991-12-31,71.7074257692733,71.71
1992-01-01,1992,1,1,1,31,1992-01-01,1992-01-31,1992-01-01,1992-01-31,71.0183955786255,71.02
1992-02-01,1992,2,1,2,29,1992-02-01,1992-02-29,1992-02-03,1992-02-28,71.1175505780055,71.12
1992-03-01,1992,3,1,3,31,1992-03-01,1992-03-31,1992-03-02,1992-03-31,71.8122357759216,71.81
1992-04-01,1992,4,1,4,30,1992-04-01,1992-04-30,1992-04-01,1992-04-30,71.5525165715749,71.55
1992-05-01,1992,5,1,5,31,1992-05-01,1992-05-31,1992-05-01,1992-05-29,71.8062360353020,71.81
1992-06-01,1992,6,1,6,30,1992-06-01,1992-06-30,1992-06-01,1992-06-30,69.3684168995126,69.37
1992-07-01,1992,7,1,7,31,1992-07-01,1992-07-31,1992-07-01,1992-07-31,70.8140684130143,70.81
1992-08-01,1992,8,1,8,31,1992-08-01,1992-08-31,1992-08-03,1992-08-31,66.9085720364348,66.91
1992-09-01,1992,9,1,9,30,1992-09-01,1992-09-30,1992-09-01,1992-09-30,69.4844770142118,69.48
1992-10-01,1992,10,1,10,31,1992-10-01,1992-10-31,1992-10-01,1992-10-30,71.1595328700052,71.16
1992-11-01,1992,11,1,11,30,1992-11-01,1992-11-30,1992-11-02,1992-11-30,71.5976262277426,71.60
1992-12-01,1992,12,1,12,31,1992-12-01,1992-12-31,1992-12-01,1992-12-31,71.5231297332894,71.52
1993-01-01,1993,1,1,1,31,1993-01-01,1993-01-31,1993-01-01,1993-01-29,72.4350982429859,72.44
1993-02-01,1993,2,1,2,28,1993-02-01,1993-02-28,1993-02-01,1993-02-26,72.6761917771573,72.68
1993-03-01,1993,3,1,3,31,1993-03-01,1993-03-31,1993-03-01,1993-03-31,73.0026805493244,73.00
1993-04-01,1993,4,1,4,30,1993-04-01,1993-04-30,1993-04-01,1993-04-30,69.9644318888091,69.96
1993-05-01,1993,5,1,5,31,1993-05-01,1993-05-31,1993-05-03,1993-05-31,71.4960249925271,71.50
1993-06-01,1993,6,1,6,30,1993-06-01,1993-06-30,1993-06-01,1993-06-30,72.3501363081860,72.35
1993-07-01,1993,7,1,7,31,1993-07-01,1993-07-31,1993-07-01,1993-07-30,71.8957047564218,71.90
1993-08-01,1993,8,1,8,31,1993-08-01,1993-08-31,1993-08-02,1993-08-31,73.0635632239573,73.06
1993-09-01,1993,9,1,9,30,1993-09-01,1993-09-30,1993-09-01,1993-09-30,72.2933060894791,72.29
1993-10-01,1993,10,1,10,31,1993-10-01,1993-10-31,1993-10-01,1993-10-29,72.3375230283928,72.34
1993-11-01,1993,11,1,11,30,1993-11-01,1993-11-30,1993-11-01,1993-11-30,73.1675777315140,73.17
1993-12-01,1993,12,1,12,31,1993-12-01,1993-12-31,1993-12-01,1993-12-31,74.6257999813140,74.63
1994-01-01,1994,1,1,1,31,1994-01-01,1994-01-31,1994-01-03,1994-01-31,73.1214282508415,73.12
1994-02-01,1994,2,1,2,28,1994-02-01,1994-02-28,1994-02-01,1994-02-28,72.4855513683974,72.49
1994-03-01,1994,3,1,3,31,1994-03-01,1994-03-31,1994-03-01,1994-03-31,74.7384214286026,74.74
1994-04-01,1994,4,1,4,30,1994-04-01,1994-04-30,1994-04-01,1994-04-29,72.2852880803192,72.29
1994-05-01,1994,5,1,5,31,1994-05-01,1994-05-31,1994-05-02,1994-05-31,70.4380907420687,70.44
1994-06-01,1994,6,1,6,30,1994-06-01,1994-06-30,1994-06-01,1994-06-30,74.3205298036552,74.32
1994-07-01,1994,7,1,7,31,1994-07-01,1994-07-31,1994-07-01,1994-07-29,75.3274849539178,75.33
1994-08-01,1994,8,1,8,31,1994-08-01,1994-08-31,1994-08-01,1994-08-31,74.0999816701106,74.10
1994-09-01,1994,9,1,9,30,1994-09-01,1994-09-30,1994-09-01,1994-09-30,77.5058891664710,77.51
1994-10-01,1994,10,1,10,31,1994-10-01,1994-10-31,1994-10-03,1994-10-31,77.7159541171866,77.72
1994-11-01,1994,11,1,11,30,1994-11-01,1994-11-30,1994-11-01,1994-11-30,78.8334441138426,78.83
1994-12-01,1994,12,1,12,31,1994-12-01,1994-12-31,1994-12-01,1994-12-30,80.2103005483804,80.21
1995-01-01,1995,1,1,1,31,1995-01-01,1995-01-31,1995-01-02,1995-01-31,78.7351535105229,78.74
1995-02-01,1995,2,1,2,28,1995-02-01,1995-02-28,1995-02-01,1995-02-28,80.3626824018391,80.36
1995-03-01,1995,3,1,3,31,1995-03-01,1995-03-31,1995-03-01,1995-03-31,80.1391132539994,80.14
1995-04-01,1995,4,1,4,30,1995-04-01,1995-04-30,1995-04-03,1995-04-28,80.5574042336531,80.56
1995-05-01,1995,5,1,5,31,1995-05-01,1995-05-31,1995-05-01,1995-05-31,81.8981659360621,81.90
1995-06-01,1995,6,1,6,30,1995-06-01,1995-06-30,1995-06-01,1995-06-30,80.9972127251378,81.00
1995-07-01,1995,7,1,7,31,1995-07-01,1995-07-31,1995-07-03,1995-07-31,82.6846463916786,82.68
1995-08-01,1995,8,1,8,31,1995-08-01,1995-08-31,1995-08-01,1995-08-31,82.8837290777914,82.88
1995-09-01,1995,9,1,9,30,1995-09-01,1995-09-30,1995-09-01,1995-09-29,82.3620669973874,82.36
1995-10-01,1995,10,1,10,31,1995-10-01,1995-10-31,1995-10-02,1995-10-31,82.6723053586619,82.67
1995-11-01,1995,11,1,11,30,1995-11-01,1995-11-30,1995-11-01,1995-11-30,81.1414743720830,81.14
1995-12-01,1995,12,1,12,31,1995-12-01,1995-12-31,1995-12-01,1995-12-29,81.3808690180450,81.38
1996-01-01,1996,1,1,1,31,1996-01-01,1996-01-31,1996-01-01,1996-01-31,81.5990181211026,81.60
1996-02-01,1996,2,1,2,29,1996-02-01,1996-02-29,1996-02-01,1996-02-29,79.0204905325680,79.02
1996-03-01,1996,3,1,3,31,1996-03-01,1996-03-31,1996-03-01,1996-03-29,83.3400268883591,83.34
1996-04-01,1996,4,1,4,30,1996-04-01,1996-04-30,1996-04-01,1996-04-30,84.8152602325429,84.82
1996-05-01,1996,5,1,5,31,1996-05-01,1996-05-31,1996-05-01,1996-05-31,84.8128873448944,84.81
1996-06-01,1996,6,1,6,30,1996-06-01,1996-06-30,1996-06-03,1996-06-28,85.6057262086606,85.61
1996-07-01,1996,7,1,7,31,1996-07-01,1996-07-31,1996-07-01,1996-07-31,84.5884927633626,84.59
1996-08-01,1996,8,1,8,31,1996-08-01,1996-08-31,1996-08-01,1996-08-30,86.2711015186101,86.27
1996-09-01,1996,9,1,9,30,1996-09-01,1996-09-30,1996-09-02,1996-09-30,84.6619574439626,84.66
1996-10-01,1996,10,1,10,31,1996-10-01,1996-10-31,1996-10-01,1996-10-31,85.6393971811795,85.64
1996-11-01,1996,11,1,11,30,1996-11-01,1996-11-30,1996-11-01,1996-11-29,85.2744390849955,85.27
1996-12-01,1996,12,1,12,31,1996-12-01,1996-12-31,1996-12-02,1996-12-31,81.1494947672974,81.15
1997-01-01,1997,1,1,1,31,1997-01-01,1997-01-31,1997-01-01,1997-01-31,85.3014714171682,85.30
1997-02-01,1997,2,1,2,28,1997-02-01,1997-02-28,1997-02-03,1997-02-28,86.7411741994626,86.74
1997-03-01,1997,3,1,3,31,1997-03-01,1997-03-31,1997-03-03,1997-03-31,84.1522202832284,84.15
1997-04-01,1997,4,1,4,30,1997-04-01,1997-04-30,1997-04-01,1997-04-30,91.8972206616153,91.90
1997-05-01,1997,5,1,5,31,1997-05-01,1997-05-31,1997-05-01,1997-05-30,86.6331092148690,86.63
1997-06-01,1997,6,1,6,30,1997-06-01,1997-06-30,1997-06-02,1997-06-30,86.5458184045771,86.55
1997-07-01,1997,7,1,7,31,1997-07-01,1997-07-31,1997-07-01,1997-07-31,87.2459157837488,87.25
1997-08-01,1997,8,1,8,31,1997-08-01,1997-08-31,1997-08-01,1997-08-29,86.3267645897498,86.33
1997-09-01,1997,9,1,9,30,1997-09-01,1997-09-30,1997-09-01,1997-09-30,85.7855833295516,85.79
1997-10-01,1997,10,1,10,31,1997-10-01,1997-10-31,1997-10-01,1997-10-31,87.7310011719828,87.73
1997-11-01,1997,11,1,11,30,1997-11-01,1997-11-30,1997-11-03,1997-11-28,85.5187355465605,85.52
1997-12-01,1997,12,1,12,31,1997-12-01,1997-12-31,1997-12-01,1997-12-31,83.3921437445138,83.39
1998-01-01,1998,1,1,1,31,1998-01-01,1998-01-31,1998-01-01,1998-01-30,84.2070172514376,84.21
1998-02-01,1998,2,1,2,28,1998-02-01,1998-02-28,1998-02-02,1998-02-27,84.1070089174098,84.11
1998-03-01,1998,3,1,3,31,1998-03-01,1998-03-31,1998-03-02,1998-03-31,83.6069672472706,83.61
1998-04-01,1998,4,1,4,30,1998-04-01,1998-04-30,1998-04-01,1998-04-30,83.4069505792150,83.41
1998-05-01,1998,5,1,5,31,1998-05-01,1998-05-31,1998-05-01,1998-05-29,83.3069422451871,83.31
1998-06-01,1998,6,1,6,30,1998-06-01,1998-06-30,1998-06-01,1998-06-30,84.1070089174098,84.11
1998-07-01,1998,7,1,7,31,1998-07-01,1998-07-31,1998-07-01,1998-07-31,82.9069089090758,82.91
1998-08-01,1998,8,1,8,31,1998-08-01,1998-08-31,1998-08-03,1998-08-31,82.1068422368531,82.11
1998-09-01,1998,9,1,9,30,1998-09-01,1998-09-30,1998-09-01,1998-09-30,84.1070089174098,84.11
1998-10-01,1998,10,1,10,31,1998-10-01,1998-10-31,1998-10-01,1998-10-30,81.6068005667139,81.61
1998-11-01,1998,11,1,11,30,1998-11-01,1998-11-30,1998-11-02,1998-11-30,81.6068005667139,81.61
1998-12-01,1998,12,1,12,31,1998-12-01,1998-12-31,1998-12-01,1998-12-31,81.7068089007417,81.71
1999-01-01,1999,1,1,1,31,1999-01-01,1999-01-31,1999-01-01,1999-01-29,82.3068589049087,82.31
1999-02-01,1999,2,1,2,28,1999-02-01,1999-02-28,1999-02-01,1999-02-26,80.9067422285190,80.91
1999-03-01,1999,3,1,3,31,1999-03-01,1999-03-31,1999-03-01,1999-03-31,79.9066588882407,79.91
1999-04-01,1999,4,1,4,30,1999-04-01,1999-04-30,1999-04-01,1999-04-30,81.2067672306026,81.21
1999-05-01,1999,5,1,5,31,1999-05-01,1999-05-31,1999-05-03,1999-05-31,83.4069505792150,83.41
1999-06-01,1999,6,1,6,30,1999-06-01,1999-06-30,1999-06-01,1999-06-30,79.8066505542128,79.81
1999-07-01,1999,7,1,7,31,1999-07-01,1999-07-31,1999-07-01,1999-07-30,82.2068505708809,82.21
1999-08-01,1999,8,1,8,31,1999-08-01,1999-08-31,1999-08-02,1999-08-31,83.6069672472706,83.61
1999-09-01,1999,9,1,9,30,1999-09-01,1999-09-30,1999-09-01,1999-09-30,83.5069589132428,83.51
1999-10-01,1999,10,1,10,31,1999-10-01,1999-10-31,1999-10-01,1999-10-29,83.4069505792150,83.41
1999-11-01,1999,11,1,11,30,1999-11-01,1999-11-30,1999-11-01,1999-11-30,84.5070422535211,84.51
1999-12-01,1999,12,1,12,31,1999-12-01,1999-12-31,1999-12-01,1999-12-31,84.4070339194933,84.41
2000-01-01,2000,1,1,1,31,2000-01-01,2000-01-31,2000-01-03,2000-01-31,85.2071005917160,85.21
2000-02-01,2000,2,1,2,29,2000-02-01,2000-02-29,2000-02-01,2000-02-29,85.9071589299108,85.91
2000-03-01,2000,3,1,3,31,2000-03-01,2000-03-31,2000-03-01,2000-03-31,86.5072089340778,86.51
2000-04-01,2000,4,1,4,30,2000-04-01,2000-04-30,2000-04-03,2000-04-28,82.4068672389366,82.41
2000-05-01,2000,5,1,5,31,2000-05-01,2000-05-31,2000-05-01,2000-05-31,85.4071172597716,85.41
2000-06-01,2000,6,1,6,30,2000-06-01,2000-06-30,2000-06-01,2000-06-30,85.8071505958830,85.81
2000-07-01,2000,7,1,7,31,2000-07-01,2000-07-31,2000-07-03,2000-07-31,85.8071505958830,85.81
2000-08-01,2000,8,1,8,31,2000-08-01,2000-08-31,2000-08-01,2000-08-31,86.7072256021335,86.71
2000-09-01,2000,9,1,9,30,2000-09-01,2000-09-30,2000-09-01,2000-09-29,86.7072256021335,86.71
2000-10-01,2000,10,1,10,31,2000-10-01,2000-10-31,2000-10-02,2000-10-31,86.4072006000500,86.41
2000-11-01,2000,11,1,11,30,2000-11-01,2000-11-30,2000-11-01,2000-11-30,87.2072672722727,87.21
2000-12-01,2000,12,1,12,31,2000-12-01,2000-12-31,2000-12-01,2000-12-29,88.6073839486624,88.61
2001-01-01,2001,1,1,1,31,2001-01-01,2001-01-31,2001-01-01,2001-01-31,88.1073422785232,88.11
2001-02-01,2001,2,1,2,28,2001-02-01,2001-02-28,2001-02-01,2001-02-28,87.8073172764397,87.81
2001-03-01,2001,3,1,3,31,2001-03-01,2001-03-31,2001-03-01,2001-03-30,87.1072589382449,87.11
2001-04-01,2001,4,1,4,30,2001-04-01,2001-04-30,2001-04-02,2001-04-30,87.1072589382449,87.11
2001-05-01,2001,5,1,5,31,2001-05-01,2001-05-31,2001-05-01,2001-05-31,85.1070922576881,85.11
2001-06-01,2001,6,1,6,30,2001-06-01,2001-06-30,2001-06-01,2001-06-29,87.2072672722727,87.21
2001-07-01,2001,7,1,7,31,2001-07-01,2001-07-31,2001-07-02,2001-07-31,87.2072672722727,87.21
2001-08-01,2001,8,1,8,31,2001-08-01,2001-08-31,2001-08-01,2001-08-31,85.4071172597716,85.41
2001-09-01,2001,9,1,9,30,2001-09-01,2001-09-30,2001-09-03,2001-09-28,86.1071755979665,86.11
2001-10-01,2001,10,1,10,31,2001-10-01,2001-10-31,2001-10-01,2001-10-31,88.7073922826902,88.71
2001-11-01,2001,11,1,11,30,2001-11-01,2001-11-30,2001-11-01,2001-11-30,89.6074672889407,89.61
2001-12-01,2001,12,1,12,31,2001-12-01,2001-12-31,2001-12-03,2001-12-31,92.0076673056088,92.01
2002-01-01,2002,1,1,1,31,2002-01-01,2002-01-31,2002-01-01,2002-01-31,90.0075006250521,90.01
2002-02-01,2002,2,1,2,28,2002-02-01,2002-02-28,2002-02-01,2002-02-28,89.6074672889407,89.61
2002-03-01,2002,3,1,3,31,2002-03-01,2002-03-31,2002-03-01,2002-03-29,91.8076506375531,91.81
2002-04-01,2002,4,1,4,30,2002-04-01,2002-04-30,2002-04-01,2002-04-30,90.6075506292191,90.61
2002-05-01,2002,5,1,5,31,2002-05-01,2002-05-31,2002-05-01,2002-05-31,92.2076839736645,92.21
2002-06-01,2002,6,1,6,30,2002-06-01,2002-06-30,2002-06-03,2002-06-28,91.4076173014418,91.41
2002-07-01,2002,7,1,7,31,2002-07-01,2002-07-31,2002-07-01,2002-07-31,90.9075756313026,90.91
2002-08-01,2002,8,1,8,31,2002-08-01,2002-08-31,2002-08-01,2002-08-30,92.0076673056088,92.01
2002-09-01,2002,9,1,9,30,2002-09-01,2002-09-30,2002-09-02,2002-09-30,92.8077339778315,92.81
2002-10-01,2002,10,1,10,31,2002-10-01,2002-10-31,2002-10-01,2002-10-31,92.4077006417201,92.41
2002-11-01,2002,11,1,11,30,2002-11-01,2002-11-30,2002-11-01,2002-11-29,91.7076423035253,91.71
2002-12-01,2002,12,1,12,31,2002-12-01,2002-12-31,2002-12-02,2002-12-31,91.7076423035253,91.71
2003-01-01,2003,1,1,1,31,2003-01-01,2003-01-31,2003-01-01,2003-01-31,90.5075422951913,90.51
2003-02-01,2003,2,1,2,28,2003-02-01,2003-02-28,2003-02-03,2003-02-28,90.4075339611634,90.41
2003-03-01,2003,3,1,3,31,2003-03-01,2003-03-31,2003-03-03,2003-03-31,88.6073839486624,88.61
2003-04-01,2003,4,1,4,30,2003-04-01,2003-04-30,2003-04-01,2003-04-30,90.3075256271356,90.31
2003-05-01,2003,5,1,5,31,2003-05-01,2003-05-31,2003-05-01,2003-05-30,89.0074172847737,89.01
2003-06-01,2003,6,1,6,30,2003-06-01,2003-06-30,2003-06-02,2003-06-30,89.4074506208851,89.41
2003-07-01,2003,7,1,7,31,2003-07-01,2003-07-31,2003-07-01,2003-07-31,90.1075089590799,90.11
2003-08-01,2003,8,1,8,31,2003-08-01,2003-08-31,2003-08-01,2003-08-29,88.5073756146346,88.51
2003-09-01,2003,9,1,9,30,2003-09-01,2003-09-30,2003-09-01,2003-09-30,88.3073589465789,88.31
2003-10-01,2003,10,1,10,31,2003-10-01,2003-10-31,2003-10-01,2003-10-31,88.5073756146346,88.51
2003-11-01,2003,11,1,11,30,2003-11-01,2003-11-30,2003-11-03,2003-11-28,89.5074589549129,89.51
2003-12-01,2003,12,1,12,31,2003-12-01,2003-12-31,2003-12-01,2003-12-31,88.8074006167181,88.81
2004-01-01,2004,1,1,1,31,2004-01-01,2004-01-31,2004-01-01,2004-01-30,90.1075089590799,90.11
2004-02-01,2004,2,1,2,29,2004-02-01,2004-02-29,2004-02-02,2004-02-27,90.5075422951913,90.51
2004-03-01,2004,3,1,3,31,2004-03-01,2004-03-31,2004-03-01,2004-03-31,92.0076673056088,92.01
2004-04-01,2004,4,1,4,30,2004-04-01,2004-04-30,2004-04-01,2004-04-30,90.1075089590799,90.11
2004-05-01,2004,5,1,5,31,2004-05-01,2004-05-31,2004-05-03,2004-05-31,95.2079339944996,95.21
2004-06-01,2004,6,1,6,30,2004-06-01,2004-06-30,2004-06-01,2004-06-30,92.7077256438036,92.71
2004-07-01,2004,7,1,7,31,2004-07-01,2004-07-31,2004-07-01,2004-07-30,93.6078006500542,93.61
2004-08-01,2004,8,1,8,31,2004-08-01,2004-08-31,2004-08-02,2004-08-31,95.5079589965831,95.51
2004-09-01,2004,9,1,9,30,2004-09-01,2004-09-30,2004-09-01,2004-09-30,94.7078923243604,94.71
2004-10-01,2004,10,1,10,31,2004-10-01,2004-10-31,2004-10-01,2004-10-29,94.4078673222769,94.41
2004-11-01,2004,11,1,11,30,2004-11-01,2004-11-30,2004-11-01,2004-11-30,93.2077673139428,93.21
2004-12-01,2004,12,1,12,31,2004-12-01,2004-12-31,2004-12-01,2004-12-31,93.9078256521377,93.91
2005-01-01,2005,1,1,1,31,2005-01-01,2005-01-31,2005-01-03,2005-01-31,95.6079673306109,95.61
2005-02-01,2005,2,1,2,28,2005-02-01,2005-02-28,2005-02-01,2005-02-28,96.7080590049171,96.71
2005-03-01,2005,3,1,3,31,2005-03-01,2005-03-31,2005-03-01,2005-03-31,95.3079423285274,95.31
2005-04-01,2005,4,1,4,30,2005-04-01,2005-04-30,2005-04-01,2005-04-29,97.2081006750563,97.21
2005-05-01,2005,5,1,5,31,2005-05-01,2005-05-31,2005-05-02,2005-05-31,94.7078923243604,94.71
2005-06-01,2005,6,1,6,30,2005-06-01,2005-06-30,2005-06-01,2005-06-30,96.2080173347779,96.21
2005-07-01,2005,7,1,7,31,2005-07-01,2005-07-31,2005-07-01,2005-07-29,95.5079589965831,95.51
2005-08-01,2005,8,1,8,31,2005-08-01,2005-08-31,2005-08-01,2005-08-31,95.4079506625552,95.41
2005-09-01,2005,9,1,9,30,2005-09-01,2005-09-30,2005-09-01,2005-09-30,98.8082340195016,98.81
2005-10-01,2005,10,1,10,31,2005-10-01,2005-10-31,2005-10-03,2005-10-31,94.9079089924160,94.91
2005-11-01,2005,11,1,11,30,2005-11-01,2005-11-30,2005-11-01,2005-11-30,94.7078923243604,94.71
2005-12-01,2005,12,1,12,31,2005-12-01,2005-12-31,2005-12-01,2005-12-30,96.8080673389449,96.81
2006-01-01,2006,1,1,1,31,2006-01-01,2006-01-31,2006-01-02,2006-01-31,98.4082006833903,98.41
2006-02-01,2006,2,1,2,28,2006-02-01,2006-02-28,2006-02-01,2006-02-28,97.6081340111676,97.61
2006-03-01,2006,3,1,3,31,2006-03-01,2006-03-31,2006-03-01,2006-03-31,97.6081340111676,97.61
2006-04-01,2006,4,1,4,30,2006-04-01,2006-04-30,2006-04-03,2006-04-28,100.0083340278360,100.01
2006-05-01,2006,5,1,5,31,2006-05-01,2006-05-31,2006-05-01,2006-05-31,98.0081673472789,98.01
2006-06-01,2006,6,1,6,30,2006-06-01,2006-06-30,2006-06-01,2006-06-30,100.2083506958910,100.21
2006-07-01,2006,7,1,7,31,2006-07-01,2006-07-31,2006-07-03,2006-07-31,102.8085673806150,102.81
2006-08-01,2006,8,1,8,31,2006-08-01,2006-08-31,2006-08-01,2006-08-31,100.2083506958910,100.21
2006-09-01,2006,9,1,9,30,2006-09-01,2006-09-30,2006-09-01,2006-09-29,101.5084590382530,101.51
2006-10-01,2006,10,1,10,31,2006-10-01,2006-10-31,2006-10-02,2006-10-31,101.3084423701980,101.31
2006-11-01,2006,11,1,11,30,2006-11-01,2006-11-30,2006-11-01,2006-11-30,103.2086007167260,103.21
2006-12-01,2006,12,1,12,31,2006-12-01,2006-12-31,2006-12-01,2006-12-29,102.7085590465870,102.71
2007-01-01,2007,1,1,1,31,2007-01-01,2007-01-31,2007-01-01,2007-01-31,103.9086590549210,103.91
2007-02-01,2007,2,1,2,28,2007-02-01,2007-02-28,2007-02-01,2007-02-28,105.7088090674220,105.71
2007-03-01,2007,3,1,3,31,2007-03-01,2007-03-31,2007-03-01,2007-03-30,104.8087340611720,104.81
2007-04-01,2007,4,1,4,30,2007-04-01,2007-04-30,2007-04-02,2007-04-30,104.9087423952000,104.91
2007-05-01,2007,5,1,5,31,2007-05-01,2007-05-31,2007-05-01,2007-05-31,106.0088340695060,106.01
2007-06-01,2007,6,1,6,30,2007-06-01,2007-06-30,2007-06-01,2007-06-29,102.3085257104760,102.31
2007-07-01,2007,7,1,7,31,2007-07-01,2007-07-31,2007-07-02,2007-07-31,103.1085923826990,103.11
2007-08-01,2007,8,1,8,31,2007-08-01,2007-08-31,2007-08-01,2007-08-31,105.7088090674220,105.71
2007-09-01,2007,9,1,9,30,2007-09-01,2007-09-30,2007-09-03,2007-09-28,101.9084923743650,101.91
2007-10-01,2007,10,1,10,31,2007-10-01,2007-10-31,2007-10-01,2007-10-31,106.9089090757560,106.91
2007-11-01,2007,11,1,11,30,2007-11-01,2007-11-30,2007-11-01,2007-11-30,105.2087673972830,105.21
2007-12-01,2007,12,1,12,31,2007-12-01,2007-12-31,2007-12-03,2007-12-31,103.8086507208930,103.81
2008-01-01,2008,1,1,1,31,2008-01-01,2008-01-31,2008-01-01,2008-01-31,104.6087173931160,104.61
2008-02-01,2008,2,1,2,29,2008-02-01,2008-02-29,2008-02-01,2008-02-29,101.7084757063090,101.71
2008-03-01,2008,3,1,3,31,2008-03-01,2008-03-31,2008-03-03,2008-03-31,106.7088924077010,106.71
2008-04-01,2008,4,1,4,30,2008-04-01,2008-04-30,2008-04-01,2008-04-30,111.5092924410370,111.51
2008-05-01,2008,5,1,5,31,2008-05-01,2008-05-31,2008-05-01,2008-05-30,106.8089007417280,106.81
2008-06-01,2008,6,1,6,30,2008-06-01,2008-06-30,2008-06-02,2008-06-30,108.4090340861740,108.41
2008-07-01,2008,7,1,7,31,2008-07-01,2008-07-31,2008-07-01,2008-07-31,105.4087840653390,105.41
2008-08-01,2008,8,1,8,31,2008-08-01,2008-08-31,2008-08-01,2008-08-29,106.2088507375610,106.21
2008-09-01,2008,9,1,9,30,2008-09-01,2008-09-30,2008-09-01,2008-09-30,103.1085923826990,103.11
2008-10-01,2008,10,1,10,31,2008-10-01,2008-10-31,2008-10-01,2008-10-31,102.5085423785320,102.51
2008-11-01,2008,11,1,11,30,2008-11-01,2008-11-30,2008-11-03,2008-11-28,97.3081090090841,97.31
2008-12-01,2008,12,1,12,31,2008-12-01,2008-12-31,2008-12-01,2008-12-31,89.9074922910242,89.91
2009-01-01,2009,1,1,1,31,2009-01-01,2009-01-31,2009-01-01,2009-01-30,89.6074672889407,89.61
2009-02-01,2009,2,1,2,28,2009-02-01,2009-02-28,2009-02-02,2009-02-27,90.3075256271356,90.31
2009-03-01,2009,3,1,3,31,2009-03-01,2009-03-31,2009-03-02,2009-03-31,87.9073256104675,87.91
2009-04-01,2009,4,1,4,30,2009-04-01,2009-04-30,2009-04-01,2009-04-30,89.4074506208851,89.41
2009-05-01,2009,5,1,5,31,2009-05-01,2009-05-31,2009-05-01,2009-05-29,88.0073339444954,88.01
2009-06-01,2009,6,1,6,30,2009-06-01,2009-06-30,2009-06-01,2009-06-30,86.4072006000500,86.41
2009-07-01,2009,7,1,7,31,2009-07-01,2009-07-31,2009-07-01,2009-07-31,89.2074339528294,89.21
2009-08-01,2009,8,1,8,31,2009-08-01,2009-08-31,2009-08-03,2009-08-31,89.9074922910242,89.91
2009-09-01,2009,9,1,9,30,2009-09-01,2009-09-30,2009-09-01,2009-09-30,90.6075506292191,90.61
2009-10-01,2009,10,1,10,31,2009-10-01,2009-10-31,2009-10-01,2009-10-30,91.9076589715810,91.91
2009-11-01,2009,11,1,11,30,2009-11-01,2009-11-30,2009-11-02,2009-11-30,91.6076339694974,91.61
2009-12-01,2009,12,1,12,31,2009-12-01,2009-12-31,2009-12-01,2009-12-31,92.4077006417201,92.41
2010-01-01,2010,1,1,1,31,2010-01-01,2010-01-31,2010-01-01,2010-01-29,92.4077006417201,92.41
2010-02-01,2010,2,1,2,28,2010-02-01,2010-02-28,2010-02-01,2010-02-26,91.2076006333861,91.21
2010-03-01,2010,3,1,3,31,2010-03-01,2010-03-31,2010-03-01,2010-03-31,95.3079423285274,95.31
2010-04-01,2010,4,1,4,30,2010-04-01,2010-04-30,2010-04-01,2010-04-30,93.0077506458872,93.01
2010-05-01,2010,5,1,5,31,2010-05-01,2010-05-31,2010-05-03,2010-05-31,95.6079673306109,95.61
2010-06-01,2010,6,1,6,30,2010-06-01,2010-06-30,2010-06-01,2010-06-30,95.0079173264439,95.01
2010-07-01,2010,7,1,7,31,2010-07-01,2010-07-31,2010-07-01,2010-07-30,95.6079673306109,95.61
2010-08-01,2010,8,1,8,31,2010-08-01,2010-08-31,2010-08-02,2010-08-31,92.2076839736645,92.21
2010-09-01,2010,9,1,9,30,2010-09-01,2010-09-30,2010-09-01,2010-09-30,94.2078506542212,94.21
2010-10-01,2010,10,1,10,31,2010-10-01,2010-10-31,2010-10-01,2010-10-29,94.2078506542212,94.21
2010-11-01,2010,11,1,11,30,2010-11-01,2010-11-30,2010-11-01,2010-11-30,92.7077256438036,92.71
2010-12-01,2010,12,1,12,31,2010-12-01,2010-12-31,2010-12-01,2010-12-31,94.3078589882490,94.31
2011-01-01,2011,1,1,1,31,2011-01-01,2011-01-31,2011-01-03,2011-01-31,96.3080256688057,96.31
2011-02-01,2011,2,1,2,28,2011-02-01,2011-02-28,2011-02-01,2011-02-28,97.4081173431119,97.41
2011-03-01,2011,3,1,3,31,2011-03-01,2011-03-31,2011-03-01,2011-03-31,99.1082590215851,99.11
2011-04-01,2011,4,1,4,30,2011-04-01,2011-04-30,2011-04-01,2011-04-29,95.0079173264439,95.01
2011-05-01,2011,5,1,5,31,2011-05-01,2011-05-31,2011-05-02,2011-05-31,94.2078506542212,94.21
2011-06-01,2011,6,1,6,30,2011-06-01,2011-06-30,2011-06-01,2011-06-30,98.0081673472789,98.01
2011-07-01,2011,7,1,7,31,2011-07-01,2011-07-31,2011-07-01,2011-07-29,90.5075422951913,90.51
2011-08-01,2011,8,1,8,31,2011-08-01,2011-08-31,2011-08-01,2011-08-31,98.0081673472789,98.01
2011-09-01,2011,9,1,9,30,2011-09-01,2011-09-30,2011-09-01,2011-09-30,99.5082923576965,99.51
2011-10-01,2011,10,1,10,31,2011-10-01,2011-10-31,2011-10-03,2011-10-31,97.9081590132511,97.91
2011-11-01,2011,11,1,11,30,2011-11-01,2011-11-30,2011-11-01,2011-11-30,96.8080673389449,96.81
2011-12-01,2011,12,1,12,31,2011-12-01,2011-12-31,2011-12-01,2011-12-30,96.4080340028336,96.41
2012-01-01,2012,1,1,1,31,2012-01-01,2012-01-31,2012-01-02,2012-01-31,96.0080006667222,96.01
2012-02-01,2012,2,1,2,29,2012-02-01,2012-02-29,2012-02-01,2012-02-29,96.8080673389449,96.81
2012-03-01,2012,3,1,3,31,2012-03-01,2012-03-31,2012-03-01,2012-03-30,97.4081173431119,97.41
2012-04-01,2012,4,1,4,30,2012-04-01,2012-04-30,2012-04-02,2012-04-30,97.7081423451954,97.71
2012-05-01,2012,5,1,5,31,2012-05-01,2012-05-31,2012-05-01,2012-05-31,99.2082673556130,99.21
2012-06-01,2012,6,1,6,30,2012-06-01,2012-06-30,2012-06-01,2012-06-29,97.9081590132511,97.91
2012-07-01,2012,7,1,7,31,2012-07-01,2012-07-31,2012-07-02,2012-07-31,96.5080423368614,96.51
2012-08-01,2012,8,1,8,31,2012-08-01,2012-08-31,2012-08-01,2012-08-31,100.0083340278360,100.01
2012-09-01,2012,9,1,9,30,2012-09-01,2012-09-30,2012-09-03,2012-09-28,99.3082756896408,99.31
2012-10-01,2012,10,1,10,31,2012-10-01,2012-10-31,2012-10-01,2012-10-31,98.6082173514459,98.61
2012-11-01,2012,11,1,11,30,2012-11-01,2012-11-30,2012-11-01,2012-11-30,100.2083506958910,100.21
2012-12-01,2012,12,1,12,31,2012-12-01,2012-12-31,2012-12-03,2012-12-31,99.8083173597800,99.81
2013-01-01,2013,1,1,1,31,2013-01-01,2013-01-31,2013-01-01,2013-01-31,99.5082923576965,99.51
2013-02-01,2013,2,1,2,28,2013-02-01,2013-02-28,2013-02-01,2013-02-28,98.8082340195016,98.81
2013-03-01,2013,3,1,3,31,2013-03-01,2013-03-31,2013-03-01,2013-03-29,99.0082506875573,99.01
2013-04-01,2013,4,1,4,30,2013-04-01,2013-04-30,2013-04-01,2013-04-30,100.0083340278360,100.01
2013-05-01,2013,5,1,5,31,2013-05-01,2013-05-31,2013-05-01,2013-05-31,101.2084340361700,101.21
2013-06-01,2013,6,1,6,30,2013-06-01,2013-06-30,2013-06-03,2013-06-28,100.2083506958910,100.21
2013-07-01,2013,7,1,7,31,2013-07-01,2013-07-31,2013-07-01,2013-07-31,102.1085090424200,102.11
2013-08-01,2013,8,1,8,31,2013-08-01,2013-08-31,2013-08-01,2013-08-30,100.7083923660310,100.71
2013-09-01,2013,9,1,9,30,2013-09-01,2013-09-30,2013-09-02,2013-09-30,96.2080173347779,96.21
2013-10-01,2013,10,1,10,31,2013-10-01,2013-10-31,2013-10-01,2013-10-31,99.9083256938078,99.91
2013-11-01,2013,11,1,11,30,2013-11-01,2013-11-30,2013-11-01,2013-11-29,100.6083840320030,100.61
2013-12-01,2013,12,1,12,31,2013-12-01,2013-12-31,2013-12-02,2013-12-31,100.3083590299190,100.31
2014-01-01,2014,1,1,1,31,2014-01-01,2014-01-31,2014-01-01,2014-01-31,102.6085507125590,102.61
2014-02-01,2014,2,1,2,28,2014-02-01,2014-02-28,2014-02-03,2014-02-28,101.2084340361700,101.21
2014-03-01,2014,3,1,3,31,2014-03-01,2014-03-31,2014-03-03,2014-03-31,99.7083090257521,99.71
2014-04-01,2014,4,1,4,30,2014-04-01,2014-04-30,2014-04-01,2014-04-30,101.9084923743650,101.91
2014-05-01,2014,5,1,5,31,2014-05-01,2014-05-31,2014-05-01,2014-05-30,98.6082173514459,98.61
2014-06-01,2014,6,1,6,30,2014-06-01,2014-06-30,2014-06-02,2014-06-30,100.9084090340860,100.91
2014-07-01,2014,7,1,7,31,2014-07-01,2014-07-31,2014-07-01,2014-07-31,95.1079256604717,95.11
2014-08-01,2014,8,1,8,31,2014-08-01,2014-08-31,2014-08-01,2014-08-29,99.1082590215851,99.11
2014-09-01,2014,9,1,9,30,2014-09-01,2014-09-30,2014-09-01,2014-09-30,99.3082756896408,99.31
2014-10-01,2014,10,1,10,31,2014-10-01,2014-10-31,2014-10-01,2014-10-31,101.9084923743650,101.91
2014-11-01,2014,11,1,11,30,2014-11-01,2014-11-30,2014-11-03,2014-11-28,101.0084173681140,101.01
2014-12-01,2014,12,1,12,31,2014-12-01,2014-12-31,2014-12-01,2014-12-31,101.4084507042250,101.41
2015-01-01,2015,1,1,1,31,2015-01-01,2015-01-31,2015-01-01,2015-01-30,100.5083756979750,100.51
2015-02-01,2015,2,1,2,28,2015-02-01,2015-02-28,2015-02-02,2015-02-27,99.9083256938078,99.91
2015-03-01,2015,3,1,3,31,2015-03-01,2015-03-31,2015-03-02,2015-03-31,103.0085840486710,103.01
2015-04-01,2015,4,1,4,30,2015-04-01,2015-04-30,2015-04-01,2015-04-30,98.8082340195016,98.81
2015-05-01,2015,5,1,5,31,2015-05-01,2015-05-31,2015-05-01,2015-05-29,97.9081590132511,97.91
2015-06-01,2015,6,1,6,30,2015-06-01,2015-06-30,2015-06-01,2015-06-30,97.7081423451954,97.71
2015-07-01,2015,7,1,7,31,2015-07-01,2015-07-31,2015-07-01,2015-07-31,99.4082840236686,99.41
2015-08-01,2015,8,1,8,31,2015-08-01,2015-08-31,2015-08-03,2015-08-31,99.7083090257521,99.71
2015-09-01,2015,9,1,9,30,2015-09-01,2015-09-30,2015-09-01,2015-09-30,101.0084173681140,101.01
2015-10-01,2015,10,1,10,31,2015-10-01,2015-10-31,2015-10-01,2015-10-30,100.6083840320030,100.61
2015-11-01,2015,11,1,11,30,2015-11-01,2015-11-30,2015-11-02,2015-11-30,99.5082923576965,99.51
2015-12-01,2015,12,1,12,31,2015-12-01,2015-12-31,2015-12-01,2015-12-31,101.5084590382530,101.51
2016-01-01,2016,1,1,1,31,2016-01-01,2016-01-31,2016-01-01,2016-01-29,99.8083173597800,99.81
2016-02-01,2016,2,1,2,29,2016-02-01,2016-02-29,2016-02-01,2016-02-29,100.6083840320030,100.61
2016-03-01,2016,3,1,3,31,2016-03-01,2016-03-31,2016-03-01,2016-03-31,100.4083673639470,100.41
2016-04-01,2016,4,1,4,30,2016-04-01,2016-04-30,2016-04-01,2016-04-29,101.2084340361700,101.21
2016-05-01,2016,5,1,5,31,2016-05-01,2016-05-31,2016-05-02,2016-05-31,101.5084590382530,101.51
2016-06-01,2016,6,1,6,30,2016-06-01,2016-06-30,2016-06-01,2016-06-30,102.4085340445040,102.41
2016-07-01,2016,7,1,7,31,2016-07-01,2016-07-31,2016-07-01,2016-07-29,101.0084173681140,101.01
2016-08-01,2016,8,1,8,31,2016-08-01,2016-08-31,2016-08-01,2016-08-31,99.5082923576965,99.51
2016-09-01,2016,9,1,9,30,2016-09-01,2016-09-30,2016-09-01,2016-09-30,101.0084173681140,101.01
2016-10-01,2016,10,1,10,31,2016-10-01,2016-10-31,2016-10-03,2016-10-31,99.5082923576965,99.51
2016-11-01,2016,11,1,11,30,2016-11-01,2016-11-30,2016-11-01,2016-11-30,100.1083423618630,100.11
2016-12-01,2016,12,1,12,31,2016-12-01,2016-12-31,2016-12-01,2016-12-30,100.1083423618630,100.11
2017-01-01,2017,1,1,1,31,2017-01-01,2017-01-31,2017-01-02,2017-01-31,100.0083340278360,100.01
2017-02-01,2017,2,1,2,28,2017-02-01,2017-02-28,2017-02-01,2017-02-28,98.7082256854738,98.71
2017-03-01,2017,3,1,3,31,2017-03-01,2017-03-31,2017-03-01,2017-03-31,99.2082673556130,99.21
2017-04-01,2017,4,1,4,30,2017-04-01,2017-04-30,2017-04-03,2017-04-28,100.2083506958910,100.21
2017-05-01,2017,5,1,5,31,2017-05-01,2017-05-31,2017-05-01,2017-05-31,99.3082756896408,99.31
2017-06-01,2017,6,1,6,30,2017-06-01,2017-06-30,2017-06-01,2017-06-30,99.9083256938078,99.91
2017-07-01,2017,7,1,7,31,2017-07-01,2017-07-31,2017-07-03,2017-07-31,100.3083590299190,100.31
2017-08-01,2017,8,1,8,31,2017-08-01,2017-08-31,2017-08-01,2017-08-31,100.7083923660310,100.71
2017-09-01,2017,9,1,9,30,2017-09-01,2017-09-30,2017-09-01,2017-09-29,100.0083340278360,100.01
2017-10-01,2017,10,1,10,31,2017-10-01,2017-10-31,2017-10-02,2017-10-31,100.6083840320030,100.61
2017-11-01,2017,11,1,11,30,2017-11-01,2017-11-30,2017-11-01,2017-11-30,102.3085257104760,102.31
2017-12-01,2017,12,1,12,31,2017-12-01,2017-12-31,2017-12-01,2017-12-29,103.3086090507540,103.31
2018-01-01,2018,1,1,1,31,2018-01-01,2018-01-31,2018-01-01,2018-01-31,101.0084173681140,101.01
2018-02-01,2018,2,1,2,28,2018-02-01,2018-02-28,2018-02-01,2018-02-28,99.5082923576965,99.51
2018-03-01,2018,3,1,3,31,2018-03-01,2018-03-31,2018-03-01,2018-03-30,100.6083840320030,100.61
2018-04-01,2018,4,1,4,30,2018-04-01,2018-04-30,2018-04-02,2018-04-30,98.9082423535295,98.91
2018-05-01,2018,5,1,5,31,2018-05-01,2018-05-31,2018-05-01,2018-05-31,100.9084090340860,100.91
2018-06-01,2018,6,1,6,30,2018-06-01,2018-06-30,2018-06-01,2018-06-29,101.4084507042250,101.41
2018-07-01,2018,7,1,7,31,2018-07-01,2018-07-31,2018-07-02,2018-07-31,101.9084923743650,101.91
2018-08-01,2018,8,1,8,31,2018-08-01,2018-08-31,2018-08-01,2018-08-31,101.9084923743650,101.91
2018-09-01,2018,9,1,9,30,2018-09-01,2018-09-30,2018-09-03,2018-09-28,101.7084757063090,101.71
2018-10-01,2018,10,1,10,31,2018-10-01,2018-10-31,2018-10-01,2018-10-31,102.6085507125590,102.61
2018-11-01,2018,11,1,11,30,2018-11-01,2018-11-30,2018-11-01,2018-11-30,103.1085923826990,103.11
2018-12-01,2018,12,1,12,31,2018-12-01,2018-12-31,2018-12-03,2018-12-31,103.7086423868660,103.71
2019-01-01,2019,1,1,1,31,2019-01-01,2019-01-31,2019-01-01,2019-01-31,101.5084590382530,101.51
2019-02-01,2019,2,1,2,28,2019-02-01,2019-02-28,2019-02-01,2019-02-28,100.1083423618630,100.11
2019-03-01,2019,3,1,3,31,2019-03-01,2019-03-31,2019-03-01,2019-03-29,101.4084507042250,101.41
2019-04-01,2019,4,1,4,30,2019-04-01,2019-04-30,2019-04-01,2019-04-30,103.5086257188100,103.51
2019-05-01,2019,5,1,5,31,2019-05-01,2019-05-31,2019-05-01,2019-05-31,101.0084173681140,101.01
2019-06-01,2019,6,1,6,30,2019-06-01,2019-06-30,2019-06-03,2019-06-28,99.5082923576965,99.51
2019-07-01,2019,7,1,7,31,2019-07-01,2019-07-31,2019-07-01,2019-07-31,99.9083256938078,99.91
2019-08-01,2019,8,1,8,31,2019-08-01,2019-08-31,2019-08-01,2019-08-30,100.9084090340860,100.91
2019-09-01,2019,9,1,9,30,2019-09-01,2019-09-30,2019-09-02,2019-09-30,98.9082423535295,98.91
2019-10-01,2019,10,1,10,31,2019-10-01,2019-10-31,2019-10-01,2019-10-31,101.8084840403370,101.81
2019-11-01,2019,11,1,11,30,2019-11-01,2019-11-30,2019-11-01,2019-11-29,100.0083340278360,100.01
2019-12-01,2019,12,1,12,31,2019-12-01,2019-12-31,2019-12-02,2019-12-31,96.7080590049171,96.71
2020-01-01,2020,1,1,1,31,2020-01-01,2020-01-31,2020-01-01,2020-01-31,99.6083006917243,99.61
2020-02-01,2020,2,1,2,29,2020-02-01,2020-02-29,2020-02-03,2020-02-28,97.0080840070006,97.01
2020-03-01,2020,3,1,3,31,2020-03-01,2020-03-31,2020-03-02,2020-03-31,95.9079923326944,95.91
2020-04-01,2020,4,1,4,30,2020-04-01,2020-04-30,2020-04-01,2020-04-30,53.5044587048921,53.50
2020-05-01,2020,5,1,5,31,2020-05-01,2020-05-31,2020-05-01,2020-05-29,69.4057838153180,69.41
2020-06-01,2020,6,1,6,30,2020-06-01,2020-06-30,2020-06-01,2020-06-30,81.8068172347696,81.81
2020-07-01,2020,7,1,7,31,2020-07-01,2020-07-31,2020-07-01,2020-07-31,88.0073339444954,88.01
