"Date","Price","Open","High","Low","Change %"
"Dec 31, 1999","0.03630","0.03610","0.03630","0.03610","0.00%"
"Dec 30, 1999","0.03630","0.03610","0.03630","0.03610","-0.27%"
"Dec 29, 1999","0.03640","0.03640","0.03640","0.03640","-0.27%"
"Dec 28, 1999","0.03650","0.03640","0.03650","0.03640","-1.08%"
"Dec 27, 1999","0.03690","0.03680","0.03690","0.03680","-0.81%"
"Dec 24, 1999","0.03720","0.03720","0.03720","0.03720","-0.53%"
"Dec 23, 1999","0.03740","0.03730","0.03740","0.03730","0.00%"
"Dec 22, 1999","0.03740","0.03740","0.03740","0.03740","0.27%"
"Dec 21, 1999","0.03730","0.03730","0.03730","0.03730","-0.27%"
"Dec 20, 1999","0.03740","0.03740","0.03740","0.03740","0.00%"
"Dec 17, 1999","0.03740","0.03730","0.03740","0.03730","0.00%"
"Dec 16, 1999","0.03740","0.03730","0.03740","0.03730","0.54%"
"Dec 15, 1999","0.03720","0.03720","0.03720","0.03720","0.00%"
"Dec 14, 1999","0.03720","0.03720","0.03720","0.03720","0.27%"
"Dec 13, 1999","0.03710","0.03710","0.03710","0.03710","0.00%"
"Dec 10, 1999","0.03710","0.03710","0.03710","0.03710","-0.27%"
"Dec 09, 1999","0.03720","0.03720","0.03720","0.03720","0.27%"
"Dec 08, 1999","0.03710","0.03710","0.03710","0.03710","-0.27%"
"Dec 07, 1999","0.03720","0.03710","0.03720","0.03710","0.00%"
"Dec 06, 1999","0.03720","0.03720","0.03720","0.03720","-0.27%"
"Dec 03, 1999","0.03730","0.03730","0.03730","0.03730","-0.27%"
"Dec 02, 1999","0.03740","0.03740","0.03740","0.03740","0.00%"
"Dec 01, 1999","0.03740","0.03740","0.03740","0.03740","0.00%"
"Nov 30, 1999","0.03740","0.03740","0.03740","0.03740","-0.80%"
"Nov 29, 1999","0.03770","0.03770","0.03770","0.03770","0.00%"
"Nov 26, 1999","0.03770","0.03770","0.03770","0.03770","0.00%"
"Nov 25, 1999","0.03770","0.03770","0.03770","0.03770","-0.26%"
"Nov 24, 1999","0.03780","0.03780","0.03780","0.03780","0.00%"
"Nov 23, 1999","0.03780","0.03780","0.03780","0.03780","0.27%"
"Nov 22, 1999","0.03770","0.03770","0.03770","0.03770","-0.26%"
"Nov 19, 1999","0.03780","0.03780","0.03780","0.03780","-0.26%"
"Nov 18, 1999","0.03790","0.03780","0.03790","0.03780","0.00%"
"Nov 17, 1999","0.03790","0.03790","0.03790","0.03790","-0.26%"
"Nov 16, 1999","0.03800","0.03800","0.03800","0.03800","-0.26%"
"Nov 15, 1999","0.03810","0.03810","0.03810","0.03810","0.53%"
"Nov 12, 1999","0.03790","0.03790","0.03790","0.03790","-0.79%"
"Nov 11, 1999","0.03820","0.03810","0.03820","0.03810","0.00%"
"Nov 10, 1999","0.03820","0.03820","0.03820","0.03820","0.00%"
"Nov 09, 1999","0.03820","0.03820","0.03820","0.03820","0.26%"
"Nov 08, 1999","0.03810","0.03800","0.03810","0.03800","0.00%"
"Nov 05, 1999","0.03810","0.03800","0.03810","0.03800","0.00%"
"Nov 04, 1999","0.03810","0.03800","0.03810","0.03800","0.26%"
"Nov 03, 1999","0.03800","0.03800","0.03800","0.03800","-0.26%"
"Nov 02, 1999","0.03810","0.03810","0.03810","0.03810","-0.26%"
"Nov 01, 1999","0.03820","0.03810","0.03820","0.03810","-0.26%"
"Oct 29, 1999","0.03830","0.03830","0.03830","0.03830","0.26%"
"Oct 28, 1999","0.03820","0.03810","0.03820","0.03810","-0.26%"
"Oct 27, 1999","0.03830","0.03830","0.03830","0.03830","-1.54%"
"Oct 26, 1999","0.03890","0.03890","0.03890","0.03890","0.00%"
"Oct 25, 1999","0.03890","0.03890","0.03890","0.03890","0.26%"
"Oct 22, 1999","0.03880","0.03880","0.03880","0.03880","0.00%"
"Oct 21, 1999","0.03880","0.03880","0.03880","0.03880","0.26%"
"Oct 20, 1999","0.03870","0.03870","0.03870","0.03870","0.00%"
"Oct 19, 1999","0.03870","0.03870","0.03870","0.03870","0.00%"
"Oct 18, 1999","0.03870","0.03870","0.03870","0.03870","0.26%"
"Oct 15, 1999","0.03860","0.03850","0.03860","0.03850","-0.52%"
"Oct 14, 1999","0.03880","0.03880","0.03880","0.03880","-0.26%"
"Oct 13, 1999","0.03890","0.03890","0.03890","0.03890","0.26%"
"Oct 12, 1999","0.03880","0.03880","0.03880","0.03880","0.26%"
"Oct 11, 1999","0.03870","0.03870","0.03870","0.03870","0.00%"
"Oct 08, 1999","0.03870","0.03870","0.03870","0.03870","0.00%"
"Oct 07, 1999","0.03870","0.03870","0.03870","0.03870","0.00%"
"Oct 06, 1999","0.03870","0.03870","0.03870","0.03870","0.00%"
"Oct 05, 1999","0.03870","0.03870","0.03870","0.03870","0.00%"
"Oct 04, 1999","0.03870","0.03870","0.03870","0.03870","-1.28%"
"Oct 01, 1999","0.03920","0.03890","0.03920","0.03890","-1.26%"
"Sep 30, 1999","0.03970","0.03960","0.03970","0.03960","-0.25%"
"Sep 29, 1999","0.03980","0.03980","0.03980","0.03980","0.25%"
"Sep 28, 1999","0.03970","0.03960","0.03970","0.03960","1.02%"
"Sep 27, 1999","0.03930","0.03890","0.03930","0.03890","-0.25%"
"Sep 24, 1999","0.03940","0.03940","0.03940","0.03940","0.00%"
"Sep 23, 1999","0.03940","0.03940","0.03940","0.03940","0.25%"
"Sep 22, 1999","0.03930","0.03930","0.03930","0.03930","-0.25%"
"Sep 21, 1999","0.03940","0.03940","0.03940","0.03940","0.25%"
"Sep 20, 1999","0.03930","0.03930","0.03930","0.03930","0.51%"
"Sep 17, 1999","0.03910","0.03890","0.03910","0.03890","-0.51%"
"Sep 16, 1999","0.03930","0.03920","0.03930","0.03920","0.00%"
"Sep 15, 1999","0.03930","0.03920","0.03930","0.03920","0.26%"
"Sep 14, 1999","0.03920","0.03920","0.03920","0.03920","1.29%"
"Sep 13, 1999","0.03870","0.03850","0.03870","0.03850","0.00%"
"Sep 10, 1999","0.03870","0.03850","0.03870","0.03850","-0.26%"
"Sep 09, 1999","0.03880","0.03880","0.03880","0.03880","-0.26%"
"Sep 08, 1999","0.03890","0.03890","0.03890","0.03890","0.26%"
"Sep 07, 1999","0.03880","0.03880","0.03880","0.03880","0.52%"
"Sep 06, 1999","0.03860","0.03840","0.03860","0.03840","0.52%"
"Sep 03, 1999","0.03840","0.03830","0.03840","0.03830","-0.78%"
"Sep 02, 1999","0.03870","0.03870","0.03870","0.03870","-0.51%"
"Sep 01, 1999","0.03890","0.03880","0.03890","0.03880","-2.51%"
"Aug 31, 1999","0.03990","0.03990","0.03990","0.03990","-0.75%"
"Aug 30, 1999","0.04020","0.04000","0.04020","0.04000","-0.25%"
"Aug 27, 1999","0.04030","0.04030","0.04030","0.04030","0.00%"
"Aug 26, 1999","0.04030","0.04020","0.04030","0.04020","0.50%"
"Aug 25, 1999","0.04010","0.03990","0.04010","0.03990","-0.50%"
"Aug 24, 1999","0.04030","0.04030","0.04030","0.04030","0.00%"
"Aug 23, 1999","0.04030","0.04030","0.04030","0.04030","0.25%"
"Aug 20, 1999","0.04020","0.04000","0.04020","0.04000","-0.50%"
"Aug 19, 1999","0.04040","0.04040","0.04040","0.04040","-0.25%"
"Aug 18, 1999","0.04050","0.04030","0.04050","0.04030","0.75%"
"Aug 17, 1999","0.04020","0.04010","0.04020","0.04010","0.25%"
"Aug 16, 1999","0.04010","0.03990","0.04010","0.03990","0.50%"
"Aug 13, 1999","0.03990","0.03980","0.03990","0.03980","-0.25%"
"Aug 12, 1999","0.04000","0.03980","0.04000","0.03980","-0.25%"
"Aug 11, 1999","0.04010","0.03990","0.04010","0.03990","1.26%"
"Aug 10, 1999","0.03960","0.03940","0.03960","0.03940","-0.25%"
"Aug 09, 1999","0.03970","0.03950","0.03970","0.03950","-1.24%"
"Aug 06, 1999","0.04020","0.04000","0.04020","0.04000","-1.71%"
"Aug 05, 1999","0.04090","0.04090","0.04090","0.04090","0.49%"
"Aug 04, 1999","0.04070","0.04050","0.04070","0.04050","-0.97%"
"Aug 03, 1999","0.04110","0.04110","0.04110","0.04110","-0.48%"
"Aug 02, 1999","0.04130","0.04120","0.04130","0.04120","0.00%"
"Jul 30, 1999","0.04130","0.04120","0.04130","0.04120","0.00%"
"Jul 29, 1999","0.04130","0.04130","0.04130","0.04130","0.49%"
"Jul 28, 1999","0.04110","0.04090","0.04110","0.04090","0.00%"
"Jul 27, 1999","0.04110","0.04110","0.04110","0.04110","0.00%"
"Jul 26, 1999","0.04110","0.04090","0.04110","0.04090","0.24%"
"Jul 23, 1999","0.04100","0.04080","0.04100","0.04080","-0.49%"
"Jul 22, 1999","0.04120","0.04120","0.04120","0.04120","0.00%"
"Jul 21, 1999","0.04120","0.04120","0.04120","0.04120","0.24%"
"Jul 20, 1999","0.04110","0.04110","0.04110","0.04110","0.24%"
"Jul 19, 1999","0.04100","0.04080","0.04100","0.04080","0.00%"
"Jul 16, 1999","0.04100","0.04080","0.04100","0.04080","0.00%"
"Jul 15, 1999","0.04100","0.04080","0.04100","0.04080","0.24%"
"Jul 14, 1999","0.04090","0.04070","0.04090","0.04070","0.25%"
"Jul 13, 1999","0.04080","0.04070","0.04080","0.04070","0.25%"
"Jul 12, 1999","0.04070","0.04060","0.04070","0.04060","-0.25%"
"Jul 09, 1999","0.04080","0.04060","0.04080","0.04060","0.00%"
"Jul 08, 1999","0.04080","0.04080","0.04080","0.04080","0.25%"
"Jul 07, 1999","0.04070","0.04060","0.04070","0.04060","-0.25%"
"Jul 06, 1999","0.04080","0.04080","0.04080","0.04080","-0.24%"
"Jul 05, 1999","0.04090","0.04090","0.04090","0.04090","0.49%"
"Jul 02, 1999","0.04070","0.04050","0.04070","0.04050","-1.45%"
"Jul 01, 1999","0.04130","0.04120","0.04130","0.04120","0.00%"
"Jun 30, 1999","0.04130","0.04120","0.04130","0.04120","0.49%"
"Jun 29, 1999","0.04110","0.04090","0.04110","0.04090","0.98%"
"Jun 28, 1999","0.04070","0.04060","0.04070","0.04060","-0.49%"
"Jun 25, 1999","0.04090","0.04070","0.04090","0.04070","-0.24%"
"Jun 24, 1999","0.04100","0.04080","0.04100","0.04080","-0.24%"
"Jun 23, 1999","0.04110","0.04100","0.04110","0.04100","0.98%"
"Jun 22, 1999","0.04070","0.04060","0.04070","0.04060","-0.49%"
"Jun 21, 1999","0.04090","0.04070","0.04090","0.04070","0.00%"
"Jun 18, 1999","0.04090","0.04070","0.04090","0.04070","0.00%"
"Jun 17, 1999","0.04090","0.04090","0.04090","0.04090","0.49%"
"Jun 16, 1999","0.04070","0.04060","0.04070","0.04060","-0.25%"
"Jun 15, 1999","0.04080","0.04080","0.04080","0.04080","0.25%"
"Jun 14, 1999","0.04070","0.04030","0.04070","0.04030","-0.73%"
"Jun 11, 1999","0.04100","0.04090","0.04100","0.04090","0.99%"
"Jun 10, 1999","0.04060","0.04020","0.04060","0.04020","-1.22%"
"Jun 09, 1999","0.04110","0.04100","0.04110","0.04100","1.48%"
"Jun 08, 1999","0.04050","0.04010","0.04050","0.04010","-0.49%"
"Jun 07, 1999","0.04070","0.04070","0.04070","0.04070","0.25%"
"Jun 04, 1999","0.04060","0.04060","0.04060","0.04060","0.50%"
"Jun 03, 1999","0.04040","0.04000","0.04040","0.04000","-0.98%"
"Jun 02, 1999","0.04080","0.04070","0.04080","0.04070","0.49%"
"Jun 01, 1999","0.04060","0.04050","0.04060","0.04050","0.50%"
"May 31, 1999","0.04040","0.04040","0.04040","0.04040","0.00%"
"May 28, 1999","0.04040","0.04040","0.04040","0.04040","-0.49%"
"May 27, 1999","0.04060","0.04050","0.04060","0.04050","-0.49%"
"May 26, 1999","0.04080","0.04080","0.04080","0.04080","0.00%"
"May 25, 1999","0.04080","0.04080","0.04080","0.04080","0.49%"
"May 24, 1999","0.04060","0.04050","0.04060","0.04050","0.74%"
"May 21, 1999","0.04030","0.04020","0.04030","0.04020","0.25%"
"May 20, 1999","0.04020","0.04010","0.04020","0.04010","0.25%"
"May 19, 1999","0.04010","0.04000","0.04010","0.04000","-0.74%"
"May 18, 1999","0.04040","0.04030","0.04040","0.04030","0.75%"
"May 17, 1999","0.04010","0.03960","0.04010","0.03960","1.78%"
"May 14, 1999","0.03940","0.03910","0.03940","0.03910","0.51%"
"May 13, 1999","0.03920","0.03900","0.03920","0.03900","-1.51%"
"May 12, 1999","0.03980","0.03970","0.03980","0.03970","-3.16%"
"May 11, 1999","0.04110","0.04100","0.04110","0.04100","-0.24%"
"May 10, 1999","0.04120","0.04090","0.04120","0.04090","0.00%"
"May 07, 1999","0.04120","0.04110","0.04120","0.04110","-0.24%"
"May 06, 1999","0.04130","0.04090","0.04130","0.04090","1.23%"
"May 05, 1999","0.04080","0.04070","0.04080","0.04070","0.99%"
"May 04, 1999","0.04040","0.04020","0.04040","0.04020","0.00%"
"May 03, 1999","0.04040","0.04020","0.04040","0.04020","0.00%"
"Apr 30, 1999","0.04040","0.04020","0.04040","0.04020","-1.22%"
"Apr 29, 1999","0.04090","0.04060","0.04090","0.04060","0.74%"
"Apr 28, 1999","0.04060","0.04060","0.04060","0.04060","0.00%"
"Apr 27, 1999","0.04060","0.04060","0.04060","0.04060","0.50%"
"Apr 26, 1999","0.04040","0.04010","0.04040","0.04010","1.25%"
"Apr 23, 1999","0.03990","0.03960","0.03990","0.03960","-0.25%"
"Apr 22, 1999","0.04000","0.03990","0.04000","0.03990","0.50%"
"Apr 21, 1999","0.03980","0.03940","0.03980","0.03940","0.00%"
"Apr 20, 1999","0.03980","0.03970","0.03980","0.03970","1.02%"
"Apr 19, 1999","0.03940","0.03910","0.03940","0.03910","0.77%"
"Apr 16, 1999","0.03910","0.03900","0.03910","0.03900","0.77%"
"Apr 15, 1999","0.03880","0.03850","0.03880","0.03850","0.78%"
"Apr 14, 1999","0.03850","0.03820","0.03850","0.03820","-0.26%"
"Apr 13, 1999","0.03860","0.03830","0.03860","0.03830","0.78%"
"Apr 12, 1999","0.03830","0.03790","0.03830","0.03790","0.52%"
"Apr 09, 1999","0.03810","0.03770","0.03810","0.03770","-0.52%"
"Apr 08, 1999","0.03830","0.03820","0.03830","0.03820","-1.03%"
"Apr 07, 1999","0.03870","0.03850","0.03870","0.03850","0.26%"
"Apr 06, 1999","0.03860","0.03830","0.03860","0.03830","0.78%"
"Apr 05, 1999","0.03830","0.03820","0.03830","0.03820","0.52%"
"Apr 02, 1999","0.03810","0.03800","0.03810","0.03800","-0.78%"
"Apr 01, 1999","0.03840","0.03820","0.03840","0.03820","-4.00%"
"Mar 31, 1999","0.04000","0.03990","0.04000","0.03990","-0.99%"
"Mar 30, 1999","0.04040","0.04020","0.04040","0.04020","1.25%"
"Mar 29, 1999","0.03990","0.03970","0.03990","0.03970","6.68%"
"Mar 26, 1999","0.03740","0.03700","0.03740","0.03700","3.89%"
"Mar 25, 1999","0.03600","0.03540","0.03600","0.03540","-5.76%"
"Mar 24, 1999","0.03820","0.03780","0.03820","0.03780","-5.91%"
"Mar 23, 1999","0.04060","0.04050","0.04060","0.04050","-1.22%"
"Mar 22, 1999","0.04110","0.04090","0.04110","0.04090","-0.72%"
"Mar 19, 1999","0.04140","0.04120","0.04140","0.04120","0.24%"
"Mar 18, 1999","0.04130","0.04120","0.04130","0.04120","-2.36%"
"Mar 17, 1999","0.04230","0.04210","0.04230","0.04210","-0.70%"
"Mar 16, 1999","0.04260","0.04260","0.04260","0.04260","0.24%"
"Mar 15, 1999","0.04250","0.04230","0.04250","0.04230","-0.23%"
"Mar 12, 1999","0.04260","0.04240","0.04260","0.04240","-0.23%"
"Mar 11, 1999","0.04270","0.04270","0.04270","0.04270","-0.23%"
"Mar 10, 1999","0.04280","0.04280","0.04280","0.04280","0.23%"
"Mar 09, 1999","0.04270","0.04250","0.04270","0.04250","0.00%"
"Mar 08, 1999","0.04270","0.04260","0.04270","0.04260","0.00%"
"Mar 05, 1999","0.04270","0.04270","0.04270","0.04270","0.00%"
"Mar 04, 1999","0.04270","0.04260","0.04270","0.04260","-0.47%"
"Mar 03, 1999","0.04290","0.04270","0.04290","0.04270","-0.46%"
"Mar 02, 1999","0.04310","0.04290","0.04310","0.04290","-0.23%"
"Mar 01, 1999","0.04320","0.04320","0.04320","0.04320","-0.23%"
"Feb 26, 1999","0.04330","0.04300","0.04330","0.04300","-0.23%"
"Feb 25, 1999","0.04340","0.04320","0.04340","0.04320","-0.23%"
"Feb 24, 1999","0.04350","0.04350","0.04350","0.04350","-0.46%"
"Feb 23, 1999","0.04370","0.04360","0.04370","0.04360","0.46%"
"Feb 22, 1999","0.04350","0.04320","0.04350","0.04320","0.46%"
"Feb 19, 1999","0.04330","0.04300","0.04330","0.04300","0.00%"
"Feb 18, 1999","0.04330","0.04330","0.04330","0.04330","0.23%"
"Feb 17, 1999","0.04320","0.04320","0.04320","0.04320","0.23%"
"Feb 16, 1999","0.04310","0.04290","0.04310","0.04290","0.23%"
"Feb 15, 1999","0.04300","0.04300","0.04300","0.04300","-0.46%"
"Feb 12, 1999","0.04320","0.04320","0.04320","0.04320","-0.23%"
"Feb 11, 1999","0.04330","0.04310","0.04330","0.04310","-0.69%"
"Feb 10, 1999","0.04360","0.04340","0.04360","0.04340","0.46%"
"Feb 09, 1999","0.04340","0.04320","0.04340","0.04320","0.70%"
"Feb 08, 1999","0.04310","0.04290","0.04310","0.04290","0.23%"
"Feb 05, 1999","0.04300","0.04290","0.04300","0.04290","0.23%"
"Feb 04, 1999","0.04290","0.04270","0.04290","0.04270","0.00%"
"Feb 03, 1999","0.04290","0.04260","0.04290","0.04260","0.00%"
"Feb 02, 1999","0.04290","0.04260","0.04290","0.04260","-0.46%"
"Feb 01, 1999","0.04310","0.04300","0.04310","0.04300","-0.46%"
"Jan 29, 1999","0.04330","0.04320","0.04330","0.04320","-0.92%"
"Jan 28, 1999","0.04370","0.04360","0.04370","0.04360","0.92%"
"Jan 27, 1999","0.04330","0.04320","0.04330","0.04320","-0.46%"
"Jan 26, 1999","0.04350","0.04340","0.04350","0.04340","0.46%"
"Jan 25, 1999","0.04330","0.04320","0.04330","0.04320","0.70%"
"Jan 22, 1999","0.04300","0.04260","0.04300","0.04260","-1.15%"
"Jan 21, 1999","0.04350","0.04330","0.04350","0.04330","0.93%"
"Jan 20, 1999","0.04310","0.04290","0.04310","0.04290","0.23%"
"Jan 19, 1999","0.04300","0.04260","0.04300","0.04260","0.70%"
"Jan 18, 1999","0.04270","0.04250","0.04270","0.04250","-2.29%"
"Jan 15, 1999","0.04370","0.04320","0.04370","0.04320","-1.58%"
"Jan 14, 1999","0.04440","0.04400","0.04440","0.04400","0.68%"
"Jan 13, 1999","0.04410","0.04380","0.04410","0.04380","2.56%"
"Jan 12, 1999","0.04300","0.04260","0.04300","0.04260","0.70%"
"Jan 11, 1999","0.04270","0.04260","0.04270","0.04260","-0.23%"
"Jan 08, 1999","0.04280","0.04260","0.04280","0.04260","-0.93%"
"Jan 07, 1999","0.04320","0.04220","0.04320","0.04220","0.47%"
"Jan 06, 1999","0.04300","0.04260","0.04300","0.04260","-2.27%"
"Jan 05, 1999","0.04400","0.04370","0.04400","0.04370","-5.58%"
"Jan 04, 1999","0.04660","0.04550","0.04660","0.04550","0.43%"
"Dec 31, 1998","0.04640","0.04500","0.04640","0.04500","0.43%"
"Dec 30, 1998","0.04620","0.04480","0.04620","0.04480","-2.33%"
"Dec 29, 1998","0.04730","0.04670","0.04730","0.04670","0.85%"
"Dec 28, 1998","0.04690","0.04650","0.04690","0.04650","-0.85%"
"Dec 25, 1998","0.04730","0.04670","0.04730","0.04670","-4.06%"
"Dec 24, 1998","0.04930","0.04920","0.04930","0.04920","1.65%"
"Dec 23, 1998","0.04850","0.04810","0.04850","0.04810","1.25%"
"Dec 22, 1998","0.04790","0.04770","0.04790","0.04770","2.57%"
"Dec 21, 1998","0.04670","0.04660","0.04670","0.04660","2.19%"
"Dec 18, 1998","0.04570","0.04550","0.04570","0.04550","0.00%"
"Dec 17, 1998","0.04570","0.04550","0.04570","0.04550","1.11%"
"Dec 16, 1998","0.04520","0.04500","0.04520","0.04500","-1.74%"
"Dec 15, 1998","0.04600","0.04580","0.04600","0.04580","-1.50%"
"Dec 14, 1998","0.04670","0.04640","0.04670","0.04640","-0.43%"
"Dec 11, 1998","0.04690","0.04650","0.04690","0.04650","-1.47%"
"Dec 10, 1998","0.04760","0.04720","0.04760","0.04720","-2.06%"
"Dec 09, 1998","0.04860","0.04840","0.04860","0.04840","1.25%"
"Dec 08, 1998","0.04800","0.04760","0.04800","0.04760","1.05%"
"Dec 07, 1998","0.04750","0.04730","0.04750","0.04730","-0.42%"
"Dec 04, 1998","0.04770","0.04760","0.04770","0.04760","-4.60%"
"Dec 03, 1998","0.05000","0.04880","0.05000","0.04880","-4.03%"
"Dec 02, 1998","0.05210","0.05180","0.05210","0.05180","-2.98%"
"Dec 01, 1998","0.05370","0.05320","0.05370","0.05320","-0.92%"
"Nov 30, 1998","0.05420","0.05410","0.05420","0.05410","-1.99%"
"Nov 27, 1998","0.05530","0.05510","0.05530","0.05510","-0.18%"
"Nov 26, 1998","0.05540","0.05510","0.05540","0.05510","-0.54%"
"Nov 25, 1998","0.05570","0.05520","0.05570","0.05520","0.18%"
"Nov 24, 1998","0.05560","0.05520","0.05560","0.05520","1.28%"
"Nov 23, 1998","0.05490","0.05460","0.05490","0.05460","-4.85%"
"Nov 20, 1998","0.05770","0.05660","0.05770","0.05660","1.58%"
"Nov 19, 1998","0.05680","0.05670","0.05680","0.05670","5.58%"
"Nov 18, 1998","0.05380","0.05370","0.05380","0.05370","0.75%"
"Nov 17, 1998","0.05340","0.05330","0.05340","0.05330","0.19%"
"Nov 16, 1998","0.05330","0.05310","0.05330","0.05310","-2.91%"
"Nov 13, 1998","0.05490","0.05480","0.05490","0.05480","0.37%"
"Nov 12, 1998","0.05470","0.05380","0.05470","0.05380","-11.35%"
"Nov 11, 1998","0.06170","0.06150","0.06170","0.06150","0.33%"
"Nov 10, 1998","0.06150","0.06120","0.06150","0.06120","-0.81%"
"Nov 09, 1998","0.06200","0.06120","0.06200","0.06120","0.00%"
"Nov 06, 1998","0.06200","0.06120","0.06200","0.06120","-4.76%"
"Nov 05, 1998","0.06510","0.06490","0.06510","0.06490","1.72%"
"Nov 04, 1998","0.06400","0.06350","0.06400","0.06350","1.91%"
"Nov 03, 1998","0.06280","0.06250","0.06280","0.06250","2.28%"
"Nov 02, 1998","0.06140","0.06100","0.06140","0.06100","2.50%"
"Oct 30, 1998","0.05990","0.05970","0.05990","0.05970","-0.66%"
"Oct 29, 1998","0.06030","0.06010","0.06030","0.06010","1.69%"
"Oct 28, 1998","0.05930","0.05880","0.05930","0.05880","0.85%"
"Oct 27, 1998","0.05880","0.05840","0.05880","0.05840","-1.18%"
"Oct 26, 1998","0.05950","0.05920","0.05950","0.05920","0.51%"
"Oct 23, 1998","0.05920","0.05880","0.05920","0.05880","-0.84%"
"Oct 22, 1998","0.05970","0.05920","0.05970","0.05920","2.40%"
"Oct 21, 1998","0.05830","0.05800","0.05830","0.05800","4.86%"
"Oct 20, 1998","0.05560","0.05410","0.05560","0.05410","2.21%"
"Oct 19, 1998","0.05440","0.05290","0.05440","0.05290","-7.80%"
"Oct 16, 1998","0.05900","0.05730","0.05900","0.05730","-3.59%"
"Oct 15, 1998","0.06120","0.05930","0.06120","0.05930","-10.13%"
"Oct 14, 1998","0.06810","0.06580","0.06810","0.06580","7.24%"
"Oct 13, 1998","0.06350","0.06250","0.06350","0.06250","4.10%"
"Oct 12, 1998","0.06100","0.06040","0.06100","0.06040","0.49%"
"Oct 09, 1998","0.06070","0.06020","0.06070","0.06020","-1.94%"
"Oct 08, 1998","0.06190","0.06130","0.06190","0.06130","-0.80%"
"Oct 07, 1998","0.06240","0.06180","0.06240","0.06180","-0.95%"
"Oct 06, 1998","0.06300","0.06240","0.06300","0.06240","-0.63%"
"Oct 05, 1998","0.06340","0.06330","0.06340","0.06330","1.44%"
"Oct 02, 1998","0.06250","0.06220","0.06250","0.06220","0.16%"
"Oct 01, 1998","0.06240","0.06220","0.06240","0.06220","0.00%"
"Sep 30, 1998","0.06240","0.06190","0.06240","0.06190","0.65%"
"Sep 29, 1998","0.06200","0.06180","0.06200","0.06180","-0.80%"
"Sep 28, 1998","0.06250","0.06230","0.06250","0.06230","0.81%"
"Sep 25, 1998","0.06200","0.06180","0.06200","0.06180","-1.27%"
"Sep 24, 1998","0.06280","0.06250","0.06280","0.06250","0.80%"
"Sep 23, 1998","0.06230","0.06170","0.06230","0.06170","2.81%"
"Sep 22, 1998","0.06060","0.05880","0.06060","0.05880","20.00%"
"Sep 21, 1998","0.05050","0.04550","0.05050","0.04550","-7.85%"
"Sep 18, 1998","0.05480","0.05260","0.05480","0.05260","-18.69%"
"Sep 17, 1998","0.06740","0.06580","0.06740","0.06580","-11.20%"
"Sep 16, 1998","0.07590","0.07300","0.07590","0.07300","-16.68%"
"Sep 15, 1998","0.09110","0.08700","0.09110","0.08700","-22.07%"
"Sep 14, 1998","0.11690","0.11630","0.11690","0.11630","38.34%"
"Sep 11, 1998","0.08450","0.06900","0.08450","0.06900","16.87%"
"Sep 10, 1998","0.07230","0.06450","0.07230","0.06450","20.10%"
"Sep 09, 1998","0.06020","0.05130","0.06020","0.05130","29.46%"
"Sep 08, 1998","0.04650","0.04350","0.04650","0.04350","4.49%"
"Sep 07, 1998","0.04450","0.04350","0.04450","0.04350","-11.88%"
"Sep 04, 1998","0.05050","0.04960","0.05050","0.04960","-9.98%"
"Sep 03, 1998","0.05610","0.05520","0.05610","0.05520","-23.78%"
"Sep 02, 1998","0.07360","0.07090","0.07360","0.07090","-13.82%"
"Sep 01, 1998","0.08540","0.08000","0.08540","0.08000","-15.11%"
"Aug 31, 1998","0.10060","0.09800","0.10060","0.09800","15.50%"
"Aug 28, 1998","0.08710","0.08330","0.08710","0.08330","24.96%"
"Aug 27, 1998","0.06970","0.06250","0.06970","0.06250","-28.59%"
"Aug 26, 1998","0.09760","0.09520","0.09760","0.09520","-13.24%"
"Aug 25, 1998","0.11250","0.10750","0.11250","0.10750","-17.88%"
"Aug 24, 1998","0.13700","0.13610","0.13700","0.13610","-1.37%"
"Aug 21, 1998","0.13890","0.13790","0.13890","0.13790","-0.79%"
"Aug 20, 1998","0.14000","0.13700","0.14000","0.13700","-2.03%"
"Aug 19, 1998","0.14290","0.14080","0.14290","0.14080","-0.76%"
"Aug 18, 1998","0.14400","0.14080","0.14400","0.14080","-4.95%"
"Aug 17, 1998","0.15150","0.14930","0.15150","0.14930","-3.38%"
"Aug 14, 1998","0.15680","0.15600","0.15680","0.15600","-0.32%"
"Aug 13, 1998","0.15730","0.15690","0.15730","0.15690","-0.32%"
"Aug 12, 1998","0.15780","0.15750","0.15780","0.15750","-0.57%"
"Aug 11, 1998","0.15870","0.15870","0.15870","0.15870","-0.19%"
"Aug 10, 1998","0.15900","0.15890","0.15900","0.15890","0.00%"
"Aug 07, 1998","0.15900","0.15900","0.15900","0.15900","-0.06%"
"Aug 06, 1998","0.15910","0.15910","0.15910","0.15910","0.00%"
"Aug 05, 1998","0.15910","0.15910","0.15910","0.15910","-0.06%"
"Aug 04, 1998","0.15920","0.15910","0.15920","0.15910","0.00%"
"Aug 03, 1998","0.15920","0.15910","0.15920","0.15910","0.00%"
"Jul 31, 1998","0.15920","0.15920","0.15920","0.15920","-0.06%"
"Jul 30, 1998","0.15930","0.15930","0.15930","0.15930","0.00%"
"Jul 29, 1998","0.15930","0.15930","0.15930","0.15930","-0.06%"
"Jul 28, 1998","0.15940","0.15940","0.15940","0.15940","0.00%"
"Jul 27, 1998","0.15940","0.15940","0.15940","0.15940","-0.06%"
"Jul 24, 1998","0.15950","0.15950","0.15950","0.15950","-0.13%"
"Jul 23, 1998","0.15970","0.15970","0.15970","0.15970","-0.19%"
"Jul 22, 1998","0.16000","0.16000","0.16000","0.16000","-0.44%"
"Jul 21, 1998","0.16070","0.16070","0.16070","0.16070","-0.19%"
"Jul 20, 1998","0.16100","0.16090","0.16100","0.16090","-0.06%"
"Jul 17, 1998","0.16110","0.16110","0.16110","0.16110","-0.06%"
"Jul 16, 1998","0.16120","0.16110","0.16120","0.16110","-0.06%"
"Jul 15, 1998","0.16130","0.16120","0.16130","0.16120","0.00%"
"Jul 14, 1998","0.16130","0.16120","0.16130","0.16120","0.50%"
"Jul 13, 1998","0.16050","0.16050","0.16050","0.16050","0.19%"
"Jul 10, 1998","0.16020","0.16010","0.16020","0.16010","-0.06%"
"Jul 09, 1998","0.16030","0.16030","0.16030","0.16030","0.00%"
"Jul 08, 1998","0.16030","0.16020","0.16030","0.16020","0.06%"
"Jul 07, 1998","0.16020","0.16020","0.16020","0.16020","-0.06%"
"Jul 06, 1998","0.16030","0.16030","0.16030","0.16030","-0.06%"
"Jul 03, 1998","0.16040","0.16040","0.16040","0.16040","-0.06%"
"Jul 02, 1998","0.16050","0.16050","0.16050","0.16050","0.12%"
"Jul 01, 1998","0.16030","0.16030","0.16030","0.16030","-0.12%"
"Jun 30, 1998","0.16050","0.16050","0.16050","0.16050","-0.12%"
"Jun 29, 1998","0.16070","0.16070","0.16070","0.16070","0.06%"
"Jun 26, 1998","0.16060","0.16060","0.16060","0.16060","-0.06%"
"Jun 25, 1998","0.16070","0.16070","0.16070","0.16070","-0.06%"
"Jun 24, 1998","0.16080","0.16080","0.16080","0.16080","0.00%"
"Jun 23, 1998","0.16080","0.16070","0.16080","0.16070","0.00%"
"Jun 22, 1998","0.16080","0.16080","0.16080","0.16080","-0.12%"
"Jun 19, 1998","0.16100","0.16100","0.16100","0.16100","0.06%"
"Jun 18, 1998","0.16090","0.16090","0.16090","0.16090","-0.19%"
"Jun 17, 1998","0.16120","0.16110","0.16120","0.16110","-0.31%"
"Jun 16, 1998","0.16170","0.16160","0.16170","0.16160","0.50%"
"Jun 15, 1998","0.16090","0.16090","0.16090","0.16090","-0.06%"
"Jun 12, 1998","0.16100","0.16100","0.16100","0.16100","0.00%"
"Jun 11, 1998","0.16100","0.16100","0.16100","0.16100","-0.19%"
"Jun 10, 1998","0.16130","0.16130","0.16130","0.16130","0.00%"
"Jun 09, 1998","0.16130","0.16130","0.16130","0.16130","-0.31%"
"Jun 08, 1998","0.16180","0.16170","0.16180","0.16170","0.00%"
"Jun 05, 1998","0.16180","0.16170","0.16180","0.16170","0.00%"
"Jun 04, 1998","0.16180","0.16180","0.16180","0.16180","-0.31%"
"Jun 03, 1998","0.16230","0.16220","0.16230","0.16220","0.00%"
"Jun 02, 1998","0.16230","0.16230","0.16230","0.16230","0.31%"
"Jun 01, 1998","0.16180","0.16170","0.16180","0.16170","-0.19%"
"May 29, 1998","0.16210","0.16200","0.16210","0.16200","-0.25%"
"May 28, 1998","0.16250","0.16240","0.16250","0.16240","0.56%"
"May 27, 1998","0.16160","0.16150","0.16160","0.16150","0.50%"
"May 26, 1998","0.16080","0.15950","0.16080","0.15950","-0.68%"
"May 25, 1998","0.16190","0.16190","0.16190","0.16190","-0.37%"
"May 22, 1998","0.16250","0.16250","0.16250","0.16250","0.00%"
"May 21, 1998","0.16250","0.16250","0.16250","0.16250","0.12%"
"May 20, 1998","0.16230","0.16230","0.16230","0.16230","-0.06%"
"May 19, 1998","0.16240","0.16240","0.16240","0.16240","0.37%"
"May 18, 1998","0.16180","0.16170","0.16180","0.16170","0.00%"
"May 15, 1998","0.16180","0.16180","0.16180","0.16180","-0.68%"
"May 14, 1998","0.16290","0.16290","0.16290","0.16290","0.31%"
"May 13, 1998","0.16240","0.16240","0.16240","0.16240","-0.25%"
"May 12, 1998","0.16280","0.16270","0.16280","0.16270","-0.31%"
"May 11, 1998","0.16330","0.16330","0.16330","0.16330","0.00%"
"May 08, 1998","0.16330","0.16330","0.16330","0.16330","0.00%"
"May 07, 1998","0.16330","0.16320","0.16330","0.16320","-0.06%"
"May 06, 1998","0.16340","0.16340","0.16340","0.16340","-0.18%"
"May 05, 1998","0.16370","0.16360","0.16370","0.16360","0.37%"
"May 04, 1998","0.16310","0.16300","0.16310","0.16300","0.00%"
"May 01, 1998","0.16310","0.16300","0.16310","0.16300","-0.06%"
"Apr 30, 1998","0.16320","0.16310","0.16320","0.16310","-0.31%"
"Apr 29, 1998","0.16370","0.16360","0.16370","0.16360","0.37%"
"Apr 28, 1998","0.16310","0.16310","0.16310","0.16310","-0.31%"
"Apr 27, 1998","0.16360","0.16350","0.16360","0.16350","0.12%"
"Apr 24, 1998","0.16340","0.16340","0.16340","0.16340","0.31%"
"Apr 23, 1998","0.16290","0.16290","0.16290","0.16290","0.00%"
"Apr 22, 1998","0.16290","0.16290","0.16290","0.16290","-0.31%"
"Apr 21, 1998","0.16340","0.16340","0.16340","0.16340","0.37%"
"Apr 20, 1998","0.16280","0.16280","0.16280","0.16280","0.00%"
"Apr 17, 1998","0.16280","0.16280","0.16280","0.16280","0.00%"
"Apr 16, 1998","0.16280","0.16280","0.16280","0.16280","0.00%"
"Apr 15, 1998","0.16280","0.16280","0.16280","0.16280","0.00%"
"Apr 14, 1998","0.16280","0.16280","0.16280","0.16280","-0.06%"
"Apr 13, 1998","0.16290","0.16290","0.16290","0.16290","-0.12%"
"Apr 10, 1998","0.16310","0.16310","0.16310","0.16310","-0.12%"
"Apr 09, 1998","0.16330","0.16320","0.16330","0.16320","0.06%"
"Apr 08, 1998","0.16320","0.16320","0.16320","0.16320","0.12%"
"Apr 07, 1998","0.16300","0.16300","0.16300","0.16300","-0.06%"
"Apr 06, 1998","0.16310","0.16300","0.16310","0.16300","-0.06%"
"Apr 03, 1998","0.16320","0.16310","0.16320","0.16310","0.00%"
"Apr 02, 1998","0.16320","0.16320","0.16320","0.16320","-0.31%"
"Apr 01, 1998","0.16370","0.16360","0.16370","0.16360","-0.18%"
"Mar 31, 1998","0.16400","0.16400","0.16400","0.16400","-0.12%"
"Mar 30, 1998","0.16420","0.16410","0.16420","0.16410","0.00%"
"Mar 27, 1998","0.16420","0.16420","0.16420","0.16420","0.00%"
"Mar 26, 1998","0.16420","0.16410","0.16420","0.16410","0.00%"
"Mar 25, 1998","0.16420","0.16410","0.16420","0.16410","-0.06%"
"Mar 24, 1998","0.16430","0.16430","0.16430","0.16430","-0.06%"
"Mar 23, 1998","0.16440","0.16440","0.16440","0.16440","-0.12%"
"Mar 20, 1998","0.16460","0.16450","0.16460","0.16450","0.12%"
"Mar 19, 1998","0.16440","0.16440","0.16440","0.16440","-0.06%"
"Mar 18, 1998","0.16450","0.16450","0.16450","0.16450","-0.18%"
"Mar 17, 1998","0.16480","0.16480","0.16480","0.16480","0.00%"
"Mar 16, 1998","0.16480","0.16480","0.16480","0.16480","0.00%"
"Mar 13, 1998","0.16480","0.16470","0.16480","0.16470","0.00%"
"Mar 12, 1998","0.16480","0.16470","0.16480","0.16470","0.00%"
"Mar 11, 1998","0.16480","0.16470","0.16480","0.16470","-0.12%"
"Mar 10, 1998","0.16500","0.16500","0.16500","0.16500","0.12%"
"Mar 09, 1998","0.16480","0.16480","0.16480","0.16480","0.00%"
"Mar 06, 1998","0.16480","0.16480","0.16480","0.16480","0.00%"
"Mar 05, 1998","0.16480","0.16480","0.16480","0.16480","-0.18%"
"Mar 04, 1998","0.16510","0.16500","0.16510","0.16500","0.00%"
"Mar 03, 1998","0.16510","0.16500","0.16510","0.16500","-0.12%"
"Mar 02, 1998","0.16530","0.16520","0.16530","0.16520","0.00%"
"Feb 27, 1998","0.16530","0.16530","0.16530","0.16530","0.24%"
"Feb 26, 1998","0.16490","0.16490","0.16490","0.16490","-0.18%"
"Feb 25, 1998","0.16520","0.16510","0.16520","0.16510","0.06%"
"Feb 24, 1998","0.16510","0.16510","0.16510","0.16510","0.00%"
"Feb 23, 1998","0.16510","0.16500","0.16510","0.16500","-0.12%"
"Feb 20, 1998","0.16530","0.16530","0.16530","0.16530","0.00%"
"Feb 19, 1998","0.16530","0.16520","0.16530","0.16520","0.30%"
"Feb 18, 1998","0.16480","0.16480","0.16480","0.16480","-0.24%"
"Feb 17, 1998","0.16520","0.16510","0.16520","0.16510","-0.06%"
"Feb 16, 1998","0.16530","0.16530","0.16530","0.16530","-0.06%"
"Feb 13, 1998","0.16540","0.16540","0.16540","0.16540","0.12%"
"Feb 12, 1998","0.16520","0.16510","0.16520","0.16510","-0.06%"
"Feb 11, 1998","0.16530","0.16520","0.16530","0.16520","-0.18%"
"Feb 10, 1998","0.16560","0.16560","0.16560","0.16560","-0.12%"
"Feb 09, 1998","0.16580","0.16580","0.16580","0.16580","0.42%"
"Feb 06, 1998","0.16510","0.16500","0.16510","0.16500","0.06%"
"Feb 05, 1998","0.16500","0.16500","0.16500","0.16500","-0.12%"
"Feb 04, 1998","0.16520","0.16520","0.16520","0.16520","-0.18%"
"Feb 03, 1998","0.16550","0.16550","0.16550","0.16550","-0.36%"
"Feb 02, 1998","0.16610","0.16600","0.16610","0.16600","0.42%"
"Jan 30, 1998","0.16540","0.16540","0.16540","0.16540","0.06%"
"Jan 29, 1998","0.16530","0.16520","0.16530","0.16520","0.00%"
"Jan 28, 1998","0.16530","0.16520","0.16530","0.16520","0.00%"
"Jan 27, 1998","0.16530","0.16530","0.16530","0.16530","0.00%"
"Jan 26, 1998","0.16530","0.16530","0.16530","0.16530","-0.06%"
"Jan 23, 1998","0.16540","0.16540","0.16540","0.16540","0.06%"
"Jan 22, 1998","0.16530","0.16530","0.16530","0.16530","-0.42%"
"Jan 21, 1998","0.16600","0.16600","0.16600","0.16600","-0.18%"
"Jan 20, 1998","0.16630","0.16630","0.16630","0.16630","0.00%"
"Jan 19, 1998","0.16630","0.16630","0.16630","0.16630","0.24%"
"Jan 16, 1998","0.16590","0.16590","0.16590","0.16590","0.00%"
"Jan 15, 1998","0.16590","0.16590","0.16590","0.16590","-0.30%"
"Jan 14, 1998","0.16640","0.16640","0.16640","0.16640","-0.12%"
"Jan 13, 1998","0.16660","0.16650","0.16660","0.16650","0.00%"
"Jan 12, 1998","0.16660","0.16650","0.16660","0.16650","0.00%"
"Jan 09, 1998","0.16660","0.16660","0.16660","0.16660","0.00%"
"Jan 08, 1998","0.16660","0.16660","0.16660","0.16660","-0.06%"
"Jan 07, 1998","0.16670","0.16670","0.16670","0.16670","0.00%"
"Jan 06, 1998","0.16670","0.16670","0.16670","0.16670","-0.06%"
"Jan 05, 1998","0.16680","0.16670","0.16680","0.16670","-0.60%"
"Jan 02, 1998","0.16780","0.16780","0.16780","0.16780","0.60%"
"Dec 31, 1997","0.16680","0.16670","0.16680","0.16670","0.00%"
"Dec 30, 1997","0.16680","0.16680","0.16680","0.16680","0.00%"
"Dec 29, 1997","0.16680","0.16680","0.16680","0.16680","-0.30%"
"Dec 26, 1997","0.16730","0.16730","0.16730","0.16730","-0.42%"
"Dec 25, 1997","0.16800","0.16800","0.16800","0.16800","-0.06%"
"Dec 24, 1997","0.16810","0.16800","0.16810","0.16800","0.00%"
"Dec 23, 1997","0.16810","0.16810","0.16810","0.16810","-0.18%"
"Dec 22, 1997","0.16840","0.16840","0.16840","0.16840","-0.24%"
"Dec 19, 1997","0.16880","0.16870","0.16880","0.16870","0.00%"
"Dec 18, 1997","0.16880","0.16880","0.16880","0.16880","0.00%"
"Dec 17, 1997","0.16880","0.16870","0.16880","0.16870","0.00%"
"Dec 16, 1997","0.16880","0.16870","0.16880","0.16870","0.12%"
"Dec 15, 1997","0.16860","0.16860","0.16860","0.16860","-0.06%"
"Dec 12, 1997","0.16870","0.16860","0.16870","0.16860","0.06%"
"Dec 11, 1997","0.16860","0.16860","0.16860","0.16860","-0.06%"
"Dec 10, 1997","0.16870","0.16860","0.16870","0.16860","-0.12%"
"Dec 09, 1997","0.16890","0.16880","0.16890","0.16880","0.00%"
"Dec 08, 1997","0.16890","0.16890","0.16890","0.16890","0.06%"
"Dec 05, 1997","0.16880","0.16870","0.16880","0.16870","0.30%"
"Dec 04, 1997","0.16830","0.16820","0.16830","0.16820","0.00%"
"Dec 03, 1997","0.16830","0.16830","0.16830","0.16830","0.30%"
"Dec 02, 1997","0.16780","0.16770","0.16780","0.16770","0.00%"
"Dec 01, 1997","0.16780","0.16770","0.16780","0.16770","-0.47%"
"Nov 28, 1997","0.16860","0.16850","0.16860","0.16850","-0.12%"
"Nov 27, 1997","0.16880","0.16880","0.16880","0.16880","0.00%"
"Nov 26, 1997","0.16880","0.16870","0.16880","0.16870","0.00%"
"Nov 25, 1997","0.16880","0.16880","0.16880","0.16880","-0.18%"
"Nov 24, 1997","0.16910","0.16910","0.16910","0.16910","0.00%"
"Nov 21, 1997","0.16910","0.16910","0.16910","0.16910","0.12%"
"Nov 20, 1997","0.16890","0.16890","0.16890","0.16890","-0.12%"
"Nov 19, 1997","0.16910","0.16910","0.16910","0.16910","0.00%"
"Nov 18, 1997","0.16910","0.16910","0.16910","0.16910","-0.12%"
"Nov 17, 1997","0.16930","0.16930","0.16930","0.16930","0.00%"
"Nov 14, 1997","0.16930","0.16920","0.16930","0.16920","0.00%"
"Nov 13, 1997","0.16930","0.16920","0.16930","0.16920","0.06%"
"Nov 12, 1997","0.16920","0.16920","0.16920","0.16920","-0.06%"
"Nov 11, 1997","0.16930","0.16930","0.16930","0.16930","0.00%"
"Nov 10, 1997","0.16930","0.16930","0.16930","0.16930","0.00%"
"Nov 07, 1997","0.16930","0.16930","0.16930","0.16930","0.00%"
"Nov 06, 1997","0.16930","0.16930","0.16930","0.16930","-0.12%"
"Nov 05, 1997","0.16950","0.16950","0.16950","0.16950","0.06%"
"Nov 04, 1997","0.16940","0.16930","0.16940","0.16930","0.00%"
"Nov 03, 1997","0.16940","0.16940","0.16940","0.16940","-0.12%"
"Oct 31, 1997","0.16960","0.16950","0.16960","0.16950","0.12%"
"Oct 30, 1997","0.16940","0.16930","0.16940","0.16930","-0.18%"
"Oct 29, 1997","0.16970","0.16970","0.16970","0.16970","0.47%"
"Oct 28, 1997","0.16890","0.16890","0.16890","0.16890","-0.59%"
"Oct 27, 1997","0.16990","0.16990","0.16990","0.16990","-0.29%"
"Oct 24, 1997","0.17040","0.17040","0.17040","0.17040","0.06%"
"Oct 23, 1997","0.17030","0.17030","0.17030","0.17030","-0.18%"
"Oct 22, 1997","0.17060","0.17060","0.17060","0.17060","0.00%"
"Oct 21, 1997","0.17060","0.17060","0.17060","0.17060","0.00%"
"Oct 20, 1997","0.17060","0.17060","0.17060","0.17060","0.00%"
"Oct 17, 1997","0.17060","0.17050","0.17060","0.17050","0.12%"
"Oct 16, 1997","0.17040","0.17030","0.17040","0.17030","0.06%"
"Oct 15, 1997","0.17030","0.17030","0.17030","0.17030","-0.06%"
"Oct 14, 1997","0.17040","0.17030","0.17040","0.17030","-0.12%"
"Oct 13, 1997","0.17060","0.17060","0.17060","0.17060","0.12%"
"Oct 10, 1997","0.17040","0.17030","0.17040","0.17030","0.00%"
"Oct 09, 1997","0.17040","0.17040","0.17040","0.17040","-0.12%"
"Oct 08, 1997","0.17060","0.17050","0.17060","0.17050","0.12%"
"Oct 07, 1997","0.17040","0.17040","0.17040","0.17040","0.00%"
"Oct 06, 1997","0.17040","0.17040","0.17040","0.17040","0.18%"
"Oct 03, 1997","0.17010","0.17010","0.17010","0.17010","-0.12%"
"Oct 02, 1997","0.17030","0.17030","0.17030","0.17030","-0.06%"
"Oct 01, 1997","0.17040","0.17040","0.17040","0.17040","-0.18%"
"Sep 30, 1997","0.17070","0.17070","0.17070","0.17070","0.06%"
"Sep 29, 1997","0.17060","0.17060","0.17060","0.17060","0.06%"
"Sep 26, 1997","0.17050","0.17050","0.17050","0.17050","0.06%"
"Sep 25, 1997","0.17040","0.17040","0.17040","0.17040","0.00%"
"Sep 24, 1997","0.17040","0.17040","0.17040","0.17040","0.00%"
"Sep 23, 1997","0.17040","0.17040","0.17040","0.17040","-0.12%"
"Sep 22, 1997","0.17060","0.17050","0.17060","0.17050","0.00%"
"Sep 19, 1997","0.17060","0.17060","0.17060","0.17060","0.00%"
"Sep 18, 1997","0.17060","0.17060","0.17060","0.17060","-0.06%"
"Sep 17, 1997","0.17070","0.17070","0.17070","0.17070","-0.06%"
"Sep 16, 1997","0.17080","0.17080","0.17080","0.17080","-0.06%"
"Sep 15, 1997","0.17090","0.17090","0.17090","0.17090","0.00%"
"Sep 12, 1997","0.17090","0.17080","0.17090","0.17080","-0.12%"
"Sep 11, 1997","0.17110","0.17110","0.17110","0.17110","0.00%"
"Sep 10, 1997","0.17110","0.17110","0.17110","0.17110","0.00%"
"Sep 09, 1997","0.17110","0.17110","0.17110","0.17110","0.00%"
"Sep 08, 1997","0.17110","0.17110","0.17110","0.17110","-0.06%"
"Sep 05, 1997","0.17120","0.17120","0.17120","0.17120","-0.06%"
"Sep 04, 1997","0.17130","0.17120","0.17130","0.17120","0.12%"
"Sep 03, 1997","0.17110","0.17110","0.17110","0.17110","0.00%"
"Sep 02, 1997","0.17110","0.17110","0.17110","0.17110","0.00%"
"Sep 01, 1997","0.17110","0.17110","0.17110","0.17110","-0.12%"
"Aug 29, 1997","0.17130","0.17120","0.17130","0.17120","-0.06%"
"Aug 28, 1997","0.17140","0.17140","0.17140","0.17140","-0.12%"
"Aug 27, 1997","0.17160","0.17160","0.17160","0.17160","0.12%"
"Aug 26, 1997","0.17140","0.17140","0.17140","0.17140","-0.12%"
"Aug 25, 1997","0.17160","0.17150","0.17160","0.17150","0.00%"
"Aug 22, 1997","0.17160","0.17160","0.17160","0.17160","0.00%"
"Aug 21, 1997","0.17160","0.17160","0.17160","0.17160","-0.12%"
"Aug 20, 1997","0.17180","0.17170","0.17180","0.17170","-0.06%"
"Aug 19, 1997","0.17190","0.17190","0.17190","0.17190","-0.06%"
"Aug 18, 1997","0.17200","0.17200","0.17200","0.17200","0.00%"
"Aug 15, 1997","0.17200","0.17200","0.17200","0.17200","-0.06%"
"Aug 14, 1997","0.17210","0.17210","0.17210","0.17210","-0.12%"
"Aug 13, 1997","0.17230","0.17220","0.17230","0.17220","0.00%"
"Aug 12, 1997","0.17230","0.17220","0.17230","0.17220","-0.06%"
"Aug 11, 1997","0.17240","0.17240","0.17240","0.17240","0.12%"
"Aug 08, 1997","0.17220","0.17220","0.17220","0.17220","0.12%"
"Aug 07, 1997","0.17200","0.17200","0.17200","0.17200","-0.12%"
"Aug 06, 1997","0.17220","0.17220","0.17220","0.17220","-0.06%"
"Aug 05, 1997","0.17230","0.17230","0.17230","0.17230","-0.06%"
"Aug 04, 1997","0.17240","0.17240","0.17240","0.17240","0.00%"
"Aug 01, 1997","0.17240","0.17240","0.17240","0.17240","0.17%"
"Jul 31, 1997","0.17210","0.17210","0.17210","0.17210","-0.12%"
"Jul 30, 1997","0.17230","0.17220","0.17230","0.17220","0.00%"
"Jul 29, 1997","0.17230","0.17220","0.17230","0.17220","-0.06%"
"Jul 28, 1997","0.17240","0.17240","0.17240","0.17240","0.00%"
"Jul 25, 1997","0.17240","0.17240","0.17240","0.17240","0.00%"
"Jul 24, 1997","0.17240","0.17240","0.17240","0.17240","-0.17%"
"Jul 23, 1997","0.17270","0.17270","0.17270","0.17270","0.00%"
"Jul 22, 1997","0.17270","0.17270","0.17270","0.17270","-0.06%"
"Jul 21, 1997","0.17280","0.17280","0.17280","0.17280","0.00%"
"Jul 18, 1997","0.17280","0.17270","0.17280","0.17270","0.00%"
"Jul 17, 1997","0.17280","0.17280","0.17280","0.17280","0.06%"
"Jul 16, 1997","0.17270","0.17270","0.17270","0.17270","-0.35%"
"Jul 15, 1997","0.17330","0.17320","0.17330","0.17320","0.12%"
"Jul 14, 1997","0.17310","0.17310","0.17310","0.17310","0.00%"
"Jul 11, 1997","0.17310","0.17310","0.17310","0.17310","0.00%"
"Jul 10, 1997","0.17310","0.17310","0.17310","0.17310","0.06%"
"Jul 09, 1997","0.17300","0.17300","0.17300","0.17300","0.06%"
"Jul 08, 1997","0.17290","0.17290","0.17290","0.17290","0.12%"
"Jul 07, 1997","0.17270","0.17270","0.17270","0.17270","-0.06%"
"Jul 04, 1997","0.17280","0.17270","0.17280","0.17270","0.06%"
"Jul 03, 1997","0.17270","0.17270","0.17270","0.17270","-0.17%"
"Jul 02, 1997","0.17300","0.17300","0.17300","0.17300","0.06%"
"Jul 01, 1997","0.17290","0.17280","0.17290","0.17280","-0.23%"
"Jun 30, 1997","0.17330","0.17320","0.17330","0.17320","-0.06%"
"Jun 27, 1997","0.17340","0.17340","0.17340","0.17340","-0.06%"
"Jun 26, 1997","0.17350","0.17350","0.17350","0.17350","0.00%"
"Jun 25, 1997","0.17350","0.17350","0.17350","0.17350","0.00%"
"Jun 24, 1997","0.17350","0.17350","0.17350","0.17350","-0.06%"
"Jun 23, 1997","0.17360","0.17360","0.17360","0.17360","0.00%"
"Jun 20, 1997","0.17360","0.17360","0.17360","0.17360","0.06%"
"Jun 19, 1997","0.17350","0.17350","0.17350","0.17350","-0.06%"
"Jun 18, 1997","0.17360","0.17360","0.17360","0.17360","0.00%"
"Jun 17, 1997","0.17360","0.17360","0.17360","0.17360","0.06%"
"Jun 16, 1997","0.17350","0.17350","0.17350","0.17350","0.00%"
"Jun 13, 1997","0.17350","0.17350","0.17350","0.17350","0.00%"
"Jun 12, 1997","0.17350","0.17350","0.17350","0.17350","0.00%"
"Jun 11, 1997","0.17350","0.17350","0.17350","0.17350","0.00%"
"Jun 10, 1997","0.17350","0.17350","0.17350","0.17350","0.00%"
"Jun 09, 1997","0.17350","0.17340","0.17350","0.17340","-0.12%"
"Jun 06, 1997","0.17370","0.17360","0.17370","0.17360","0.17%"
"Jun 05, 1997","0.17340","0.17340","0.17340","0.17340","0.00%"
"Jun 04, 1997","0.17340","0.17330","0.17340","0.17330","0.23%"
"Jun 03, 1997","0.17300","0.17300","0.17300","0.17300","0.12%"
"Jun 02, 1997","0.17280","0.17270","0.17280","0.17270","-0.35%"
"May 30, 1997","0.17340","0.17330","0.17340","0.17330","0.00%"
"May 29, 1997","0.17340","0.17330","0.17340","0.17330","0.00%"
"May 28, 1997","0.17340","0.17340","0.17340","0.17340","-0.12%"
"May 27, 1997","0.17360","0.17360","0.17360","0.17360","-0.12%"
"May 26, 1997","0.17380","0.17370","0.17380","0.17370","0.00%"
"May 23, 1997","0.17380","0.17370","0.17380","0.17370","0.00%"
"May 22, 1997","0.17380","0.17370","0.17380","0.17370","0.00%"
"May 21, 1997","0.17380","0.17370","0.17380","0.17370","-0.06%"
"May 20, 1997","0.17390","0.17380","0.17390","0.17380","0.06%"
"May 19, 1997","0.17380","0.17380","0.17380","0.17380","0.12%"
"May 16, 1997","0.17360","0.17360","0.17360","0.17360","0.00%"
"May 15, 1997","0.17360","0.17360","0.17360","0.17360","0.00%"
"May 14, 1997","0.17360","0.17360","0.17360","0.17360","-0.12%"
"May 13, 1997","0.17380","0.17370","0.17380","0.17370","-0.06%"
"May 12, 1997","0.17390","0.17380","0.17390","0.17380","0.06%"
"May 09, 1997","0.17380","0.17370","0.17380","0.17370","0.00%"
"May 08, 1997","0.17380","0.17370","0.17380","0.17370","-0.06%"
"May 07, 1997","0.17390","0.17390","0.17390","0.17390","0.12%"
"May 06, 1997","0.17370","0.17370","0.17370","0.17370","-0.06%"
"May 05, 1997","0.17380","0.17370","0.17380","0.17370","0.12%"
"May 02, 1997","0.17360","0.17360","0.17360","0.17360","0.00%"
"May 01, 1997","0.17360","0.17360","0.17360","0.17360","0.00%"
"Apr 30, 1997","0.17360","0.17360","0.17360","0.17360","-0.29%"
"Apr 29, 1997","0.17410","0.17410","0.17410","0.17410","0.00%"
"Apr 28, 1997","0.17410","0.17410","0.17410","0.17410","-0.06%"
"Apr 25, 1997","0.17420","0.17420","0.17420","0.17420","0.06%"
"Apr 24, 1997","0.17410","0.17410","0.17410","0.17410","0.12%"
"Apr 23, 1997","0.17390","0.17390","0.17390","0.17390","-0.11%"
"Apr 22, 1997","0.17410","0.17410","0.17410","0.17410","0.00%"
"Apr 21, 1997","0.17410","0.17410","0.17410","0.17410","0.12%"
"Apr 18, 1997","0.17390","0.17390","0.17390","0.17390","-0.06%"
"Apr 17, 1997","0.17400","0.17400","0.17400","0.17400","0.06%"
"Apr 16, 1997","0.17390","0.17390","0.17390","0.17390","-0.11%"
"Apr 15, 1997","0.17410","0.17410","0.17410","0.17410","0.00%"
"Apr 14, 1997","0.17410","0.17410","0.17410","0.17410","0.12%"
"Apr 11, 1997","0.17390","0.17390","0.17390","0.17390","-0.29%"
"Apr 10, 1997","0.17440","0.17430","0.17440","0.17430","0.11%"
"Apr 09, 1997","0.17420","0.17420","0.17420","0.17420","0.00%"
"Apr 08, 1997","0.17420","0.17420","0.17420","0.17420","-0.06%"
"Apr 07, 1997","0.17430","0.17430","0.17430","0.17430","-0.06%"
"Apr 04, 1997","0.17440","0.17430","0.17440","0.17430","0.17%"
"Apr 03, 1997","0.17410","0.17410","0.17410","0.17410","-0.11%"
"Apr 02, 1997","0.17430","0.17420","0.17430","0.17420","0.00%"
"Apr 01, 1997","0.17430","0.17420","0.17430","0.17420","-0.11%"
"Mar 31, 1997","0.17450","0.17450","0.17450","0.17450","-0.06%"
"Mar 28, 1997","0.17460","0.17460","0.17460","0.17460","0.06%"
"Mar 27, 1997","0.17450","0.17450","0.17450","0.17450","-0.06%"
"Mar 26, 1997","0.17460","0.17460","0.17460","0.17460","-0.11%"
"Mar 25, 1997","0.17480","0.17470","0.17480","0.17470","-0.11%"
"Mar 24, 1997","0.17500","0.17500","0.17500","0.17500","-0.11%"
"Mar 21, 1997","0.17520","0.17510","0.17520","0.17510","0.17%"
"Mar 20, 1997","0.17490","0.17490","0.17490","0.17490","0.00%"
"Mar 19, 1997","0.17490","0.17490","0.17490","0.17490","-0.17%"
"Mar 18, 1997","0.17520","0.17520","0.17520","0.17520","-0.11%"
"Mar 17, 1997","0.17540","0.17530","0.17540","0.17530","0.06%"
"Mar 14, 1997","0.17530","0.17530","0.17530","0.17530","0.00%"
"Mar 13, 1997","0.17530","0.17530","0.17530","0.17530","-0.11%"
"Mar 12, 1997","0.17550","0.17550","0.17550","0.17550","-0.17%"
"Mar 11, 1997","0.17580","0.17570","0.17580","0.17570","0.11%"
"Mar 10, 1997","0.17560","0.17560","0.17560","0.17560","0.00%"
"Mar 07, 1997","0.17560","0.17560","0.17560","0.17560","-0.06%"
"Mar 06, 1997","0.17570","0.17570","0.17570","0.17570","0.06%"
"Mar 05, 1997","0.17560","0.17560","0.17560","0.17560","0.06%"
"Mar 04, 1997","0.17550","0.17550","0.17550","0.17550","-0.11%"
"Mar 03, 1997","0.17570","0.17570","0.17570","0.17570","-0.11%"
"Feb 28, 1997","0.17590","0.17590","0.17590","0.17590","-0.06%"
"Feb 27, 1997","0.17600","0.17600","0.17600","0.17600","-0.06%"
"Feb 26, 1997","0.17610","0.17610","0.17610","0.17610","-0.11%"
"Feb 25, 1997","0.17630","0.17630","0.17630","0.17630","-0.06%"
"Feb 24, 1997","0.17640","0.17630","0.17640","0.17630","0.00%"
"Feb 21, 1997","0.17640","0.17640","0.17640","0.17640","0.00%"
"Feb 20, 1997","0.17640","0.17630","0.17640","0.17630","-0.06%"
"Feb 19, 1997","0.17650","0.17650","0.17650","0.17650","-0.11%"
"Feb 18, 1997","0.17670","0.17670","0.17670","0.17670","-0.06%"
"Feb 17, 1997","0.17680","0.17670","0.17680","0.17670","-0.06%"
"Feb 14, 1997","0.17690","0.17690","0.17690","0.17690","0.00%"
"Feb 13, 1997","0.17690","0.17680","0.17690","0.17680","0.00%"
"Feb 12, 1997","0.17690","0.17690","0.17690","0.17690","-0.17%"
"Feb 11, 1997","0.17720","0.17710","0.17720","0.17710","0.06%"
"Feb 10, 1997","0.17710","0.17710","0.17710","0.17710","-0.06%"
"Feb 07, 1997","0.17720","0.17710","0.17720","0.17710","0.00%"
"Feb 06, 1997","0.17720","0.17710","0.17720","0.17710","0.06%"
"Feb 05, 1997","0.17710","0.17710","0.17710","0.17710","-0.11%"
"Feb 04, 1997","0.17730","0.17730","0.17730","0.17730","-0.06%"
"Feb 03, 1997","0.17740","0.17740","0.17740","0.17740","0.00%"
"Jan 31, 1997","0.17740","0.17740","0.17740","0.17740","0.00%"
"Jan 30, 1997","0.17740","0.17740","0.17740","0.17740","-0.06%"
"Jan 29, 1997","0.17750","0.17750","0.17750","0.17750","-0.11%"
"Jan 28, 1997","0.17770","0.17770","0.17770","0.17770","-0.11%"
"Jan 27, 1997","0.17790","0.17780","0.17790","0.17780","0.06%"
"Jan 24, 1997","0.17780","0.17770","0.17780","0.17770","-0.06%"
"Jan 23, 1997","0.17790","0.17790","0.17790","0.17790","-0.06%"
"Jan 22, 1997","0.17800","0.17800","0.17800","0.17800","-0.11%"
"Jan 21, 1997","0.17820","0.17810","0.17820","0.17810","0.00%"
"Jan 20, 1997","0.17820","0.17820","0.17820","0.17820","0.00%"
"Jan 17, 1997","0.17820","0.17820","0.17820","0.17820","-0.11%"
"Jan 16, 1997","0.17840","0.17830","0.17840","0.17830","0.06%"
"Jan 15, 1997","0.17830","0.17830","0.17830","0.17830","-0.11%"
"Jan 14, 1997","0.17850","0.17850","0.17850","0.17850","0.00%"
"Jan 13, 1997","0.17850","0.17850","0.17850","0.17850","-0.06%"
"Jan 10, 1997","0.17860","0.17860","0.17860","0.17860","-0.06%"
"Jan 09, 1997","0.17870","0.17870","0.17870","0.17870","0.00%"
"Jan 08, 1997","0.17870","0.17870","0.17870","0.17870","0.00%"
"Jan 07, 1997","0.17870","0.17870","0.17870","0.17870","0.00%"
"Jan 06, 1997","0.17870","0.17870","0.17870","0.17870","-0.11%"
"Jan 03, 1997","0.17890","0.17880","0.17890","0.17880","0.00%"
"Jan 02, 1997","0.17890","0.17880","0.17890","0.17880","0.00%"
"Dec 31, 1996","0.17890","0.17890","0.17890","0.17890","-0.28%"
"Dec 30, 1996","0.17940","0.17940","0.17940","0.17940","-0.06%"
"Dec 27, 1996","0.17950","0.17950","0.17950","0.17950","-0.17%"
"Dec 26, 1996","0.17980","0.17980","0.17980","0.17980","-0.06%"
"Dec 25, 1996","0.17990","0.17990","0.17990","0.17990","0.00%"
"Dec 24, 1996","0.17990","0.17990","0.17990","0.17990","-0.17%"
"Dec 23, 1996","0.18020","0.18010","0.18020","0.18010","0.11%"
"Dec 20, 1996","0.18000","0.18000","0.18000","0.18000","-0.11%"
"Dec 19, 1996","0.18020","0.18020","0.18020","0.18020","-0.11%"
"Dec 18, 1996","0.18040","0.18040","0.18040","0.18040","0.00%"
"Dec 17, 1996","0.18040","0.18040","0.18040","0.18040","-0.11%"
"Dec 16, 1996","0.18060","0.18060","0.18060","0.18060","0.06%"
"Dec 13, 1996","0.18050","0.18050","0.18050","0.18050","0.06%"
"Dec 12, 1996","0.18040","0.18040","0.18040","0.18040","-0.06%"
"Dec 11, 1996","0.18050","0.18050","0.18050","0.18050","-0.22%"
"Dec 10, 1996","0.18090","0.18090","0.18090","0.18090","0.00%"
"Dec 09, 1996","0.18090","0.18090","0.18090","0.18090","-0.06%"
"Dec 06, 1996","0.18100","0.18100","0.18100","0.18100","0.00%"
"Dec 05, 1996","0.18100","0.18100","0.18100","0.18100","-0.06%"
"Dec 04, 1996","0.18110","0.18110","0.18110","0.18110","-0.06%"
"Dec 03, 1996","0.18120","0.18110","0.18120","0.18110","-0.11%"
"Dec 02, 1996","0.18140","0.18130","0.18140","0.18130","0.11%"
"Nov 29, 1996","0.18120","0.18120","0.18120","0.18120","-0.11%"
"Nov 28, 1996","0.18140","0.18130","0.18140","0.18130","-0.06%"
"Nov 27, 1996","0.18150","0.18140","0.18150","0.18140","-0.11%"
"Nov 26, 1996","0.18170","0.18170","0.18170","0.18170","-0.11%"
"Nov 25, 1996","0.18190","0.18180","0.18190","0.18180","0.00%"
"Nov 22, 1996","0.18190","0.18180","0.18190","0.18180","0.00%"
"Nov 21, 1996","0.18190","0.18180","0.18190","0.18180","-0.05%"
"Nov 20, 1996","0.18200","0.18190","0.18200","0.18190","0.00%"
"Nov 19, 1996","0.18200","0.18200","0.18200","0.18200","-0.11%"
"Nov 18, 1996","0.18220","0.18210","0.18220","0.18210","0.00%"
"Nov 15, 1996","0.18220","0.18220","0.18220","0.18220","-0.11%"
"Nov 14, 1996","0.18240","0.18230","0.18240","0.18230","0.00%"
"Nov 13, 1996","0.18240","0.18240","0.18240","0.18240","-0.05%"
"Nov 12, 1996","0.18250","0.18240","0.18250","0.18240","-0.11%"
"Nov 11, 1996","0.18270","0.18260","0.18270","0.18260","0.00%"
"Nov 08, 1996","0.18270","0.18260","0.18270","0.18260","0.00%"
"Nov 07, 1996","0.18270","0.18260","0.18270","0.18260","0.00%"
"Nov 06, 1996","0.18270","0.18260","0.18270","0.18260","-0.11%"
"Nov 05, 1996","0.18290","0.18290","0.18290","0.18290","-0.05%"
"Nov 04, 1996","0.18300","0.18300","0.18300","0.18300","0.00%"
"Nov 01, 1996","0.18300","0.18300","0.18300","0.18300","-0.11%"
"Oct 31, 1996","0.18320","0.18320","0.18320","0.18320","0.00%"
"Oct 30, 1996","0.18320","0.18320","0.18320","0.18320","-0.11%"
"Oct 29, 1996","0.18340","0.18330","0.18340","0.18330","0.00%"
"Oct 28, 1996","0.18340","0.18340","0.18340","0.18340","0.11%"
"Oct 25, 1996","0.18320","0.18320","0.18320","0.18320","-0.16%"
"Oct 24, 1996","0.18350","0.18350","0.18350","0.18350","-0.11%"
"Oct 23, 1996","0.18370","0.18370","0.18370","0.18370","-0.11%"
"Oct 22, 1996","0.18390","0.18390","0.18390","0.18390","0.00%"
"Oct 21, 1996","0.18390","0.18390","0.18390","0.18390","0.00%"
"Oct 18, 1996","0.18390","0.18380","0.18390","0.18380","0.00%"
"Oct 17, 1996","0.18390","0.18380","0.18390","0.18380","0.00%"
"Oct 16, 1996","0.18390","0.18380","0.18390","0.18380","0.05%"
"Oct 15, 1996","0.18380","0.18380","0.18380","0.18380","-0.11%"
"Oct 14, 1996","0.18400","0.18390","0.18400","0.18390","0.00%"
"Oct 11, 1996","0.18400","0.18390","0.18400","0.18390","0.00%"
"Oct 10, 1996","0.18400","0.18400","0.18400","0.18400","-0.22%"
"Oct 09, 1996","0.18440","0.18430","0.18440","0.18430","0.00%"
"Oct 08, 1996","0.18440","0.18430","0.18440","0.18430","-0.05%"
"Oct 07, 1996","0.18450","0.18440","0.18450","0.18440","0.00%"
"Oct 04, 1996","0.18450","0.18440","0.18450","0.18440","0.00%"
"Oct 03, 1996","0.18450","0.18440","0.18450","0.18440","0.00%"
"Oct 02, 1996","0.18450","0.18440","0.18450","0.18440","-0.11%"
"Oct 01, 1996","0.18470","0.18470","0.18470","0.18470","-0.16%"
"Sep 30, 1996","0.18500","0.18490","0.18500","0.18490","-0.11%"
"Sep 27, 1996","0.18520","0.18520","0.18520","0.18520","0.16%"
"Sep 26, 1996","0.18490","0.18490","0.18490","0.18490","-0.22%"
"Sep 25, 1996","0.18530","0.18530","0.18530","0.18530","0.05%"
"Sep 24, 1996","0.18520","0.18520","0.18520","0.18520","-0.11%"
"Sep 23, 1996","0.18540","0.18530","0.18540","0.18530","0.16%"
"Sep 20, 1996","0.18510","0.18510","0.18510","0.18510","0.00%"
"Sep 19, 1996","0.18510","0.18500","0.18510","0.18500","-0.05%"
"Sep 18, 1996","0.18520","0.18520","0.18520","0.18520","-0.16%"
"Sep 17, 1996","0.18550","0.18550","0.18550","0.18550","-0.05%"
"Sep 16, 1996","0.18560","0.18560","0.18560","0.18560","0.00%"
"Sep 13, 1996","0.18560","0.18560","0.18560","0.18560","-0.16%"
"Sep 12, 1996","0.18590","0.18580","0.18590","0.18580","-0.05%"
"Sep 11, 1996","0.18600","0.18590","0.18600","0.18590","0.00%"
"Sep 10, 1996","0.18600","0.18600","0.18600","0.18600","0.05%"
"Sep 09, 1996","0.18590","0.18590","0.18590","0.18590","-0.05%"
"Sep 06, 1996","0.18600","0.18600","0.18600","0.18600","-0.11%"
"Sep 05, 1996","0.18620","0.18620","0.18620","0.18620","0.00%"
"Sep 04, 1996","0.18620","0.18620","0.18620","0.18620","-0.11%"
"Sep 03, 1996","0.18640","0.18630","0.18640","0.18630","0.00%"
"Sep 02, 1996","0.18640","0.18630","0.18640","0.18630","-0.05%"
"Aug 30, 1996","0.18650","0.18640","0.18650","0.18640","0.00%"
"Aug 29, 1996","0.18650","0.18650","0.18650","0.18650","0.05%"
"Aug 28, 1996","0.18640","0.18630","0.18640","0.18630","-0.16%"
"Aug 27, 1996","0.18670","0.18670","0.18670","0.18670","-0.32%"
"Aug 26, 1996","0.18730","0.18730","0.18730","0.18730","-0.05%"
"Aug 23, 1996","0.18740","0.18730","0.18740","0.18730","-0.05%"
"Aug 22, 1996","0.18750","0.18750","0.18750","0.18750","-0.27%"
"Aug 21, 1996","0.18800","0.18800","0.18800","0.18800","-0.32%"
"Aug 20, 1996","0.18860","0.18860","0.18860","0.18860","0.05%"
"Aug 19, 1996","0.18850","0.18850","0.18850","0.18850","0.00%"
"Aug 16, 1996","0.18850","0.18850","0.18850","0.18850","-0.16%"
"Aug 15, 1996","0.18880","0.18870","0.18880","0.18870","-0.11%"
"Aug 14, 1996","0.18900","0.18890","0.18900","0.18890","0.00%"
"Aug 13, 1996","0.18900","0.18900","0.18900","0.18900","0.11%"
"Aug 12, 1996","0.18880","0.18870","0.18880","0.18870","-0.32%"
"Aug 09, 1996","0.18940","0.18930","0.18940","0.18930","-0.11%"
"Aug 08, 1996","0.18960","0.18960","0.18960","0.18960","-0.37%"
"Aug 07, 1996","0.19030","0.19020","0.19030","0.19020","-0.16%"
"Aug 06, 1996","0.19060","0.19060","0.19060","0.19060","-0.21%"
"Aug 05, 1996","0.19100","0.19090","0.19100","0.19090","0.00%"
"Aug 02, 1996","0.19100","0.19100","0.19100","0.19100","-0.16%"
"Aug 01, 1996","0.19130","0.19130","0.19130","0.19130","-0.31%"
"Jul 31, 1996","0.19190","0.19180","0.19190","0.19180","-0.05%"
"Jul 30, 1996","0.19200","0.19200","0.19200","0.19200","-0.41%"
"Jul 29, 1996","0.19280","0.19280","0.19280","0.19280","0.00%"
"Jul 26, 1996","0.19280","0.19280","0.19280","0.19280","-0.26%"
"Jul 25, 1996","0.19330","0.19320","0.19330","0.19320","0.16%"
"Jul 24, 1996","0.19300","0.19290","0.19300","0.19290","-0.26%"
"Jul 23, 1996","0.19350","0.19350","0.19350","0.19350","0.00%"
"Jul 22, 1996","0.19350","0.19350","0.19350","0.19350","0.00%"
"Jul 19, 1996","0.19350","0.19350","0.19350","0.19350","-0.15%"
"Jul 18, 1996","0.19380","0.19380","0.19380","0.19380","-0.15%"
"Jul 17, 1996","0.19410","0.19410","0.19410","0.19410","-0.36%"
"Jul 16, 1996","0.19480","0.19470","0.19480","0.19470","-0.15%"
"Jul 15, 1996","0.19510","0.19500","0.19510","0.19500","0.15%"
"Jul 12, 1996","0.19480","0.19470","0.19480","0.19470","-0.15%"
"Jul 11, 1996","0.19510","0.19510","0.19510","0.19510","-0.10%"
"Jul 10, 1996","0.19530","0.19530","0.19530","0.19530","0.10%"
"Jul 09, 1996","0.19510","0.19500","0.19510","0.19500","0.00%"
"Jul 08, 1996","0.19510","0.19510","0.19510","0.19510","0.15%"
"Jul 05, 1996","0.19480","0.19470","0.19480","0.19470","0.00%"
"Jul 04, 1996","0.19480","0.19480","0.19480","0.19480","0.21%"
"Jul 03, 1996","0.19440","0.19430","0.19440","0.19430","-0.05%"
"Jul 02, 1996","0.19450","0.19440","0.19450","0.19440","-0.05%"
"Jul 01, 1996","0.19460","0.19460","0.19460","0.19460","-0.46%"
"Jun 28, 1996","0.19550","0.19540","0.19550","0.19540","-0.26%"
"Jun 27, 1996","0.19600","0.19590","0.19600","0.19590","-0.15%"
"Jun 26, 1996","0.19630","0.19620","0.19630","0.19620","-0.10%"
"Jun 25, 1996","0.19650","0.19650","0.19650","0.19650","-0.30%"
"Jun 24, 1996","0.19710","0.19710","0.19710","0.19710","0.00%"
"Jun 21, 1996","0.19710","0.19710","0.19710","0.19710","-0.05%"
"Jun 20, 1996","0.19720","0.19720","0.19720","0.19720","-0.25%"
"Jun 19, 1996","0.19770","0.19770","0.19770","0.19770","-0.40%"
"Jun 18, 1996","0.19850","0.19840","0.19850","0.19840","0.51%"
"Jun 17, 1996","0.19750","0.19740","0.19750","0.19740","0.20%"
"Jun 14, 1996","0.19710","0.19710","0.19710","0.19710","-0.55%"
"Jun 13, 1996","0.19820","0.19820","0.19820","0.19820","0.51%"
"Jun 12, 1996","0.19720","0.19720","0.19720","0.19720","-0.05%"
"Jun 11, 1996","0.19730","0.19720","0.19730","0.19720","-0.20%"
"Jun 10, 1996","0.19770","0.19770","0.19770","0.19770","0.10%"
"Jun 07, 1996","0.19750","0.19740","0.19750","0.19740","-0.15%"
"Jun 06, 1996","0.19780","0.19770","0.19780","0.19770","-0.15%"
"Jun 05, 1996","0.19810","0.19800","0.19810","0.19800","-0.10%"
"Jun 04, 1996","0.19830","0.19830","0.19830","0.19830","-0.10%"
"Jun 03, 1996","0.19850","0.19840","0.19850","0.19840","-0.05%"
"May 31, 1996","0.19860","0.19850","0.19860","0.19850","-0.05%"
"May 30, 1996","0.19870","0.19860","0.19870","0.19860","-0.05%"
"May 29, 1996","0.19880","0.19880","0.19880","0.19880","-0.10%"
"May 28, 1996","0.19900","0.19890","0.19900","0.19890","-0.10%"
"May 27, 1996","0.19920","0.19920","0.19920","0.19920","0.00%"
"May 24, 1996","0.19920","0.19920","0.19920","0.19920","-0.20%"
"May 23, 1996","0.19960","0.19950","0.19960","0.19950","0.00%"
"May 22, 1996","0.19960","0.19960","0.19960","0.19960","-0.05%"
"May 21, 1996","0.19970","0.19970","0.19970","0.19970","-0.15%"
"May 20, 1996","0.20000","0.19990","0.20000","0.19990","0.00%"
"May 17, 1996","0.20000","0.19990","0.20000","0.19990","-0.30%"
"May 16, 1996","0.20060","0.20050","0.20060","0.20050","-0.20%"
"May 15, 1996","0.20100","0.20090","0.20100","0.20090","-0.05%"
"May 14, 1996","0.20110","0.20110","0.20110","0.20110","0.00%"
"May 13, 1996","0.20110","0.20100","0.20110","0.20100","0.05%"
"May 10, 1996","0.20100","0.20090","0.20100","0.20090","0.00%"
"May 09, 1996","0.20100","0.20090","0.20100","0.20090","0.05%"
"May 08, 1996","0.20090","0.20080","0.20090","0.20080","-0.15%"
"May 07, 1996","0.20120","0.20120","0.20120","0.20120","-0.05%"
"May 06, 1996","0.20130","0.20120","0.20130","0.20120","-0.10%"
"May 03, 1996","0.20150","0.20140","0.20150","0.20140","0.00%"
"May 02, 1996","0.20150","0.20140","0.20150","0.20140","0.05%"
"May 01, 1996","0.20140","0.20130","0.20140","0.20130","0.00%"
"Apr 30, 1996","0.20140","0.20130","0.20140","0.20130","-0.25%"
"Apr 29, 1996","0.20190","0.20180","0.20190","0.20180","-0.10%"
"Apr 26, 1996","0.20210","0.20200","0.20210","0.20200","-0.05%"
"Apr 25, 1996","0.20220","0.20210","0.20220","0.20210","-0.10%"
"Apr 24, 1996","0.20240","0.20230","0.20240","0.20230","0.00%"
"Apr 23, 1996","0.20240","0.20230","0.20240","0.20230","-0.10%"
"Apr 22, 1996","0.20260","0.20260","0.20260","0.20260","-0.05%"
"Apr 19, 1996","0.20270","0.20260","0.20270","0.20260","-0.10%"
"Apr 18, 1996","0.20290","0.20280","0.20290","0.20280","-0.05%"
"Apr 17, 1996","0.20300","0.20290","0.20300","0.20290","-0.05%"
"Apr 16, 1996","0.20310","0.20300","0.20310","0.20300","-0.15%"
"Apr 15, 1996","0.20340","0.20330","0.20340","0.20330","0.00%"
"Apr 12, 1996","0.20340","0.20340","0.20340","0.20340","-0.10%"
"Apr 11, 1996","0.20360","0.20360","0.20360","0.20360","-0.24%"
"Apr 10, 1996","0.20410","0.20410","0.20410","0.20410","0.10%"
"Apr 09, 1996","0.20390","0.20380","0.20390","0.20380","-0.10%"
"Apr 08, 1996","0.20410","0.20410","0.20410","0.20410","-0.15%"
"Apr 05, 1996","0.20440","0.20440","0.20440","0.20440","-0.24%"
"Apr 04, 1996","0.20490","0.20490","0.20490","0.20490","0.00%"
"Apr 03, 1996","0.20490","0.20490","0.20490","0.20490","0.00%"
"Apr 02, 1996","0.20490","0.20490","0.20490","0.20490","-0.10%"
"Apr 01, 1996","0.20510","0.20500","0.20510","0.20500","-0.24%"
"Mar 29, 1996","0.20560","0.20550","0.20560","0.20550","-0.39%"
"Mar 28, 1996","0.20640","0.20630","0.20640","0.20630","0.15%"
"Mar 27, 1996","0.20610","0.20610","0.20610","0.20610","0.00%"
"Mar 26, 1996","0.20610","0.20610","0.20610","0.20610","-0.15%"
"Mar 25, 1996","0.20640","0.20640","0.20640","0.20640","0.15%"
"Mar 22, 1996","0.20610","0.20600","0.20610","0.20600","0.00%"
"Mar 21, 1996","0.20610","0.20600","0.20610","0.20600","-0.10%"
"Mar 20, 1996","0.20630","0.20620","0.20630","0.20620","0.10%"
"Mar 19, 1996","0.20610","0.20600","0.20610","0.20600","-0.39%"
"Mar 18, 1996","0.20690","0.20680","0.20690","0.20680","-0.14%"
"Mar 15, 1996","0.20720","0.20710","0.20720","0.20710","0.00%"
"Mar 14, 1996","0.20720","0.20720","0.20720","0.20720","0.34%"
"Mar 13, 1996","0.20650","0.20640","0.20650","0.20640","-0.05%"
"Mar 12, 1996","0.20660","0.20650","0.20660","0.20650","-0.29%"
"Mar 11, 1996","0.20720","0.20720","0.20720","0.20720","0.15%"
"Mar 08, 1996","0.20690","0.20680","0.20690","0.20680","0.00%"
"Mar 07, 1996","0.20690","0.20690","0.20690","0.20690","-0.24%"
"Mar 06, 1996","0.20740","0.20730","0.20740","0.20730","0.00%"
"Mar 05, 1996","0.20740","0.20730","0.20740","0.20730","0.00%"
"Mar 04, 1996","0.20740","0.20730","0.20740","0.20730","0.34%"
"Mar 01, 1996","0.20670","0.20660","0.20670","0.20660","-0.10%"
"Feb 29, 1996","0.20690","0.20680","0.20690","0.20680","-0.24%"
"Feb 28, 1996","0.20740","0.20730","0.20740","0.20730","0.29%"
"Feb 27, 1996","0.20680","0.20670","0.20680","0.20670","-0.43%"
"Feb 26, 1996","0.20770","0.20760","0.20770","0.20760","-0.14%"
"Feb 23, 1996","0.20800","0.20790","0.20800","0.20790","-0.29%"
"Feb 22, 1996","0.20860","0.20850","0.20860","0.20850","-0.10%"
"Feb 21, 1996","0.20880","0.20870","0.20880","0.20870","-0.10%"
"Feb 20, 1996","0.20900","0.20890","0.20900","0.20890","-0.29%"
"Feb 19, 1996","0.20960","0.20950","0.20960","0.20950","0.10%"
"Feb 16, 1996","0.20940","0.20940","0.20940","0.20940","-0.10%"
"Feb 15, 1996","0.20960","0.20960","0.20960","0.20960","-0.14%"
"Feb 14, 1996","0.20990","0.20980","0.20990","0.20980","0.00%"
"Feb 13, 1996","0.20990","0.20990","0.20990","0.20990","-0.19%"
"Feb 12, 1996","0.21030","0.21030","0.21030","0.21030","0.05%"
"Feb 09, 1996","0.21020","0.21010","0.21020","0.21010","-0.28%"
"Feb 08, 1996","0.21080","0.21080","0.21080","0.21080","-0.38%"
"Feb 07, 1996","0.21160","0.21150","0.21160","0.21150","0.05%"
"Feb 06, 1996","0.21150","0.21140","0.21150","0.21140","0.09%"
"Feb 05, 1996","0.21130","0.21130","0.21130","0.21130","0.05%"
"Feb 02, 1996","0.21120","0.21110","0.21120","0.21110","0.05%"
"Feb 01, 1996","0.21110","0.21110","0.21110","0.21110","0.09%"
"Jan 31, 1996","0.21090","0.21090","0.21090","0.21090","-0.33%"
"Jan 30, 1996","0.21160","0.21150","0.21160","0.21150","0.19%"
"Jan 29, 1996","0.21120","0.21120","0.21120","0.21120","0.00%"
"Jan 26, 1996","0.21120","0.21110","0.21120","0.21110","-0.14%"
"Jan 25, 1996","0.21150","0.21140","0.21150","0.21140","-0.19%"
"Jan 24, 1996","0.21190","0.21180","0.21190","0.21180","0.05%"
"Jan 23, 1996","0.21180","0.21180","0.21180","0.21180","-0.56%"
"Jan 22, 1996","0.21300","0.21290","0.21300","0.21290","0.00%"
"Jan 19, 1996","0.21300","0.21290","0.21300","0.21290","-0.19%"
"Jan 18, 1996","0.21340","0.21340","0.21340","0.21340","-0.14%"
"Jan 17, 1996","0.21370","0.21370","0.21370","0.21370","-0.09%"
"Jan 16, 1996","0.21390","0.21390","0.21390","0.21390","-0.14%"
"Jan 15, 1996","0.21420","0.21410","0.21420","0.21410","0.19%"
"Jan 12, 1996","0.21380","0.21380","0.21380","0.21380","-0.33%"
"Jan 11, 1996","0.21450","0.21440","0.21450","0.21440","0.05%"
"Jan 10, 1996","0.21440","0.21430","0.21440","0.21430","0.09%"
"Jan 09, 1996","0.21420","0.21420","0.21420","0.21420","0.09%"
"Jan 08, 1996","0.21400","0.21390","0.21400","0.21390","0.00%"