Release Date,Year,Start Month,Start Day,End Month,End Day,Start Date (Temp),End Date (Temp),Start Date (String),End Date (String),Time,Actual,Forecast,Previous
11/19/2020,2020,10,1,10,31,10/1/2020,10/31/2020,2020-10-01,2020-10-30,10:00,,6.45M,6.54M
10/22/2020,2020,9,1,9,30,9/1/2020,9/30/2020,2020-09-01,2020-09-30,9:00,6.54M,6.30M,5.98M
9/22/2020,2020,8,1,8,31,8/1/2020,8/31/2020,2020-08-03,2020-08-31,9:00,6.00M,6.00M,5.86M
8/21/2020,2020,7,1,7,31,7/1/2020,7/31/2020,2020-07-01,2020-07-31,9:00,5.86M,5.38M,4.70M
7/22/2020,2020,6,1,6,30,6/1/2020,6/30/2020,2020-06-01,2020-06-30,9:00,4.72M,4.78M,3.91M
6/22/2020,2020,5,1,5,31,5/1/2020,5/31/2020,2020-05-01,2020-05-29,9:00,3.91M,4.12M,4.33M
5/21/2020,2020,4,1,4,30,4/1/2020,4/30/2020,2020-04-01,2020-04-30,9:00,4.33M,4.30M,5.27M
4/21/2020,2020,3,1,3,31,3/1/2020,3/31/2020,2020-03-02,2020-03-31,9:00,5.27M,5.30M,5.76M
3/20/2020,2020,2,1,2,29,2/1/2020,2/29/2020,2020-02-03,2020-02-28,9:00,5.77M,5.50M,5.42M
2/21/2020,2020,1,1,1,31,1/1/2020,1/31/2020,2020-01-01,2020-01-31,10:00,5.46M,5.43M,5.53M
1/22/2020,2020,0,1,0,31,12/1/2019,12/31/2019,2019-12-02,2019-12-31,10:00,5.54M,5.43M,5.35M
12/19/2019,2019,11,1,11,30,11/1/2019,11/30/2019,2019-11-01,2019-11-29,10:00,5.35M,5.44M,5.44M
11/21/2019,2019,10,1,10,31,10/1/2019,10/31/2019,2019-10-01,2019-10-31,10:00,5.46M,5.47M,5.36M
10/22/2019,2019,9,1,9,30,9/1/2019,9/30/2019,2019-09-02,2019-09-30,9:00,5.38M,5.45M,5.50M
9/19/2019,2019,8,1,8,31,8/1/2019,8/31/2019,2019-08-01,2019-08-30,9:00,5.49M,5.37M,5.42M
8/21/2019,2019,7,1,7,31,7/1/2019,7/31/2019,2019-07-01,2019-07-31,9:00,5.42M,5.39M,5.29M
7/23/2019,2019,6,1,6,30,6/1/2019,6/30/2019,2019-06-03,2019-06-28,9:00,5.27M,5.35M,5.36M
6/21/2019,2019,5,1,5,31,5/1/2019,5/31/2019,2019-05-01,2019-05-31,9:00,5.34M,5.29M,5.21M
5/21/2019,2019,4,1,4,30,4/1/2019,4/30/2019,2019-04-01,2019-04-30,9:00,5.19M,5.35M,5.21M
4/22/2019,2019,3,1,3,31,3/1/2019,3/31/2019,2019-03-01,2019-03-29,9:00,5.21M,5.30M,5.48M
3/22/2019,2019,2,1,2,28,2/1/2019,2/28/2019,2019-02-01,2019-02-28,9:00,5.51M,5.10M,4.93M
2/21/2019,2019,1,1,1,31,1/1/2019,1/31/2019,2019-01-01,2019-01-31,10:00,4.94M,5.01M,5.00M
1/22/2019,2019,0,1,0,31,12/1/2018,12/31/2018,2018-12-03,2018-12-31,10:00,4.99M,5.25M,5.33M
12/19/2018,2018,11,1,11,30,11/1/2018,11/30/2018,2018-11-01,2018-11-30,10:00,5.32M,5.20M,5.22M
11/21/2018,2018,10,1,10,31,10/1/2018,10/31/2018,2018-10-01,2018-10-31,10:00,5.22M,5.20M,5.15M
10/19/2018,2018,9,1,9,30,9/1/2018,9/30/2018,2018-09-03,2018-09-28,9:00,5.15M,5.30M,5.33M
9/20/2018,2018,8,1,8,31,8/1/2018,8/31/2018,2018-08-01,2018-08-31,9:00,5.34M,5.35M,5.34M
8/22/2018,2018,7,1,7,31,7/1/2018,7/31/2018,2018-07-02,2018-07-31,9:00,5.34M,5.44M,5.38M
7/23/2018,2018,6,1,6,30,6/1/2018,6/30/2018,2018-06-01,2018-06-29,9:00,5.38M,5.46M,5.41M
6/20/2018,2018,5,1,5,31,5/1/2018,5/31/2018,2018-05-01,2018-05-31,9:00,5.43M,5.52M,5.45M
5/24/2018,2018,4,1,4,30,4/1/2018,4/30/2018,2018-04-02,2018-04-30,9:00,5.46M,5.56M,5.60M
4/23/2018,2018,3,1,3,31,3/1/2018,3/31/2018,2018-03-01,2018-03-30,9:00,5.60M,5.55M,5.54M
3/21/2018,2018,2,1,2,28,2/1/2018,2/28/2018,2018-02-01,2018-02-28,9:00,5.54M,5.41M,5.38M
2/21/2018,2018,1,1,1,31,1/1/2018,1/31/2018,2018-01-01,2018-01-31,10:00,5.38M,5.61M,5.56M
1/24/2018,2018,0,1,0,31,12/1/2017,12/31/2017,2017-12-01,2017-12-29,10:00,5.57M,5.72M,5.78M
12/20/2017,2017,11,1,11,30,11/1/2017,11/30/2017,2017-11-01,2017-11-30,10:00,5.81M,5.54M,5.50M
11/21/2017,2017,10,1,10,31,10/1/2017,10/31/2017,2017-10-02,2017-10-31,10:00,5.48M,5.42M,5.37M
10/20/2017,2017,9,1,9,30,9/1/2017,9/30/2017,2017-09-01,2017-09-29,9:00,5.39M,5.30M,5.35M
9/20/2017,2017,8,1,8,31,8/1/2017,8/31/2017,2017-08-01,2017-08-31,9:00,5.35M,5.46M,5.44M
8/24/2017,2017,7,1,7,31,7/1/2017,7/31/2017,2017-07-03,2017-07-31,9:00,5.44M,5.57M,5.51M
7/24/2017,2017,6,1,6,30,6/1/2017,6/30/2017,2017-06-01,2017-06-30,9:00,5.52M,5.58M,5.62M
6/21/2017,2017,5,1,5,31,5/1/2017,5/31/2017,2017-05-01,2017-05-31,9:00,5.62M,5.55M,5.56M
5/24/2017,2017,4,1,4,30,4/1/2017,4/30/2017,2017-04-03,2017-04-28,9:00,5.57M,5.65M,5.70M
4/21/2017,2017,3,1,3,31,3/1/2017,3/31/2017,2017-03-01,2017-03-31,9:00,5.71M,5.60M,5.47M
3/22/2017,2017,2,1,2,28,2/1/2017,2/28/2017,2017-02-01,2017-02-28,9:00,5.48M,5.57M,5.69M
2/22/2017,2017,1,1,1,31,1/1/2017,1/31/2017,2017-01-02,2017-01-31,10:00,5.69M,5.54M,5.51M
1/24/2017,2017,0,1,0,31,12/1/2016,12/31/2016,2016-12-01,2016-12-30,10:00,5.49M,5.52M,5.65M
12/21/2016,2016,11,1,11,30,11/1/2016,11/30/2016,2016-11-01,2016-11-30,10:00,5.61M,5.50M,5.57M
11/22/2016,2016,10,1,10,31,10/1/2016,10/31/2016,2016-10-03,2016-10-31,10:00,5.60M,5.43M,5.49M
10/20/2016,2016,9,1,9,30,9/1/2016,9/30/2016,2016-09-01,2016-09-30,9:00,5.47M,5.35M,5.30M
9/22/2016,2016,8,1,8,31,8/1/2016,8/31/2016,2016-08-01,2016-08-31,9:00,5.33M,5.45M,5.38M
8/24/2016,2016,7,1,7,31,7/1/2016,7/31/2016,2016-07-01,2016-07-29,9:00,5.39M,5.51M,5.57M
7/21/2016,2016,6,1,6,30,6/1/2016,6/30/2016,2016-06-01,2016-06-30,9:00,5.57M,5.48M,5.51M
6/22/2016,2016,5,1,5,31,5/1/2016,5/31/2016,2016-05-02,2016-05-31,9:00,5.53M,5.54M,5.43M
5/20/2016,2016,4,1,4,30,4/1/2016,4/30/2016,2016-04-01,2016-04-29,9:00,5.45M,5.40M,5.36M
4/20/2016,2016,3,1,3,31,3/1/2016,3/31/2016,2016-03-01,2016-03-31,9:00,5.33M,5.30M,5.07M
3/21/2016,2016,2,1,2,29,2/1/2016,2/29/2016,2016-02-01,2016-02-29,9:00,5.08M,5.34M,5.47M
2/23/2016,2016,1,1,1,31,1/1/2016,1/31/2016,2016-01-01,2016-01-29,10:00,5.47M,5.32M,5.45M
1/22/2016,2016,0,1,0,31,12/1/2015,12/31/2015,2015-12-01,2015-12-31,10:00,5.46M,5.20M,4.76M
12/22/2015,2015,11,1,11,30,11/1/2015,11/30/2015,2015-11-02,2015-11-30,10:00,4.76M,5.35M,5.32M
11/23/2015,2015,10,1,10,31,10/1/2015,10/31/2015,2015-10-01,2015-10-30,10:00,5.36M,5.40M,5.55M
10/22/2015,2015,9,1,9,30,9/1/2015,9/30/2015,2015-09-01,2015-09-30,9:00,5.55M,5.38M,5.30M
9/21/2015,2015,8,1,8,31,8/1/2015,8/31/2015,2015-08-03,2015-08-31,9:00,5.31M,5.51M,5.58M
8/20/2015,2015,7,1,7,31,7/1/2015,7/31/2015,2015-07-01,2015-07-31,9:00,5.59M,5.44M,5.48M
7/22/2015,2015,6,1,6,30,6/1/2015,6/30/2015,2015-06-01,2015-06-30,9:00,5.49M,5.40M,5.32M
6/22/2015,2015,5,1,5,31,5/1/2015,5/31/2015,2015-05-01,2015-05-29,9:00,5.35M,5.26M,5.09M
5/21/2015,2015,4,1,4,30,4/1/2015,4/30/2015,2015-04-01,2015-04-30,9:00,5.04M,5.24M,5.21M
4/22/2015,2015,3,1,3,31,3/1/2015,3/31/2015,2015-03-02,2015-03-31,9:00,5.19M,5.03M,4.89M
3/23/2015,2015,2,1,2,28,2/1/2015,2/28/2015,2015-02-02,2015-02-27,9:00,4.88M,4.90M,4.82M
2/23/2015,2015,1,1,1,31,1/1/2015,1/31/2015,2015-01-01,2015-01-30,10:00,4.82M,4.97M,5.07M
1/23/2015,2015,0,1,0,31,12/1/2014,12/31/2014,2014-12-01,2014-12-31,10:00,5.04M,5.06M,4.92M
12/22/2014,2014,11,1,11,30,11/1/2014,11/30/2014,2014-11-03,2014-11-28,10:00,4.93M,5.19M,5.25M
11/20/2014,2014,10,1,10,31,10/1/2014,10/31/2014,2014-10-01,2014-10-31,10:00,5.26M,5.15M,5.18M
10/21/2014,2014,9,1,9,30,9/1/2014,9/30/2014,2014-09-01,2014-09-30,9:00,5.17M,5.10M,5.05M
9/22/2014,2014,8,1,8,31,8/1/2014,8/31/2014,2014-08-01,2014-08-29,9:00,5.05M,5.20M,5.14M
8/21/2014,2014,7,1,7,31,7/1/2014,7/31/2014,2014-07-01,2014-07-31,9:00,5.15M,5.02M,5.03M
7/22/2014,2014,6,1,6,30,6/1/2014,6/30/2014,2014-06-02,2014-06-30,9:00,5.04M,4.97M,4.91M
6/23/2014,2014,5,1,5,31,5/1/2014,5/31/2014,2014-05-01,2014-05-30,9:00,4.89M,4.73M,4.66M
5/22/2014,2014,4,1,4,30,4/1/2014,4/30/2014,2014-04-01,2014-04-30,9:00,4.65M,4.68M,4.59M
4/22/2014,2014,3,1,3,31,3/1/2014,3/31/2014,2014-03-03,2014-03-31,9:00,4.59M,4.55M,4.60M
3/20/2014,2014,2,1,2,28,2/1/2014,2/28/2014,2014-02-03,2014-02-28,9:00,4.60M,4.60M,4.62M
2/21/2014,2014,1,1,1,31,1/1/2014,1/31/2014,2014-01-01,2014-01-31,10:00,4.62M,4.68M,4.87M
1/23/2014,2014,0,1,0,31,12/1/2013,12/31/2013,2013-12-02,2013-12-31,10:00,4.87M,4.94M,4.82M
12/19/2013,2013,11,1,11,30,11/1/2013,11/30/2013,2013-11-01,2013-11-29,10:00,4.90M,5.03M,5.12M
11/20/2013,2013,10,1,10,31,10/1/2013,10/31/2013,2013-10-01,2013-10-31,10:00,5.12M,5.13M,5.29M
10/21/2013,2013,9,1,9,30,9/1/2013,9/30/2013,2013-09-02,2013-09-30,9:00,5.29M,5.30M,5.39M
9/19/2013,2013,8,1,8,31,8/1/2013,8/31/2013,2013-08-01,2013-08-30,9:00,5.48M,5.25M,5.39M
8/21/2013,2013,7,1,7,31,7/1/2013,7/31/2013,2013-07-01,2013-07-31,9:00,5.39M,5.15M,5.06M
7/22/2013,2013,6,1,6,30,6/1/2013,6/30/2013,2013-06-03,2013-06-28,9:00,5.08M,5.25M,5.14M
6/20/2013,2013,5,1,5,31,5/1/2013,5/31/2013,2013-05-01,2013-05-31,9:00,5.18M,5.00M,4.97M
5/22/2013,2013,4,1,4,30,4/1/2013,4/30/2013,2013-04-01,2013-04-30,9:00,4.97M,4.99M,4.94M
4/22/2013,2013,3,1,3,31,3/1/2013,3/31/2013,2013-03-01,2013-03-29,9:00,4.92M,5.01M,4.95M
3/21/2013,2013,2,1,2,28,2/1/2013,2/28/2013,2013-02-01,2013-02-28,9:00,4.98M,5.00M,4.94M
2/21/2013,2013,1,1,1,31,1/1/2013,1/31/2013,2013-01-01,2013-01-31,10:00,4.92M,4.90M,4.90M
1/22/2013,2013,0,1,0,31,12/1/2012,12/31/2012,2012-12-03,2012-12-31,10:00,4.94M,5.10M,4.99M
12/20/2012,2012,11,1,11,30,11/1/2012,11/30/2012,2012-11-01,2012-11-30,10:00,5.04M,4.87M,4.76M
11/19/2012,2012,10,1,10,31,10/1/2012,10/31/2012,2012-10-01,2012-10-31,10:00,4.79M,4.75M,4.69M
10/19/2012,2012,9,1,9,30,9/1/2012,9/30/2012,2012-09-03,2012-09-28,9:00,4.75M,4.75M,4.83M
9/19/2012,2012,8,1,8,31,8/1/2012,8/31/2012,2012-08-01,2012-08-31,9:00,4.82M,4.55M,4.47M
8/22/2012,2012,7,1,7,31,7/1/2012,7/31/2012,2012-07-02,2012-07-31,8:20,4.47M,4.52M,4.37M
7/19/2012,2012,6,1,6,30,6/1/2012,6/30/2012,2012-06-01,2012-06-29,9:00,4.37M,4.63M,4.62M
6/21/2012,2012,5,1,5,31,5/1/2012,5/31/2012,2012-05-01,2012-05-31,9:00,4.55M,4.57M,4.62M
5/22/2012,2012,4,1,4,30,4/1/2012,4/30/2012,2012-04-02,2012-04-30,9:00,4.62M,4.60M,4.47M
4/19/2012,2012,3,1,3,31,3/1/2012,3/31/2012,2012-03-01,2012-03-30,9:00,4.48M,4.62M,4.60M
3/21/2012,2012,2,1,2,29,2/1/2012,2/29/2012,2012-02-01,2012-02-29,9:00,4.59M,4.61M,4.63M
2/22/2012,2012,1,1,1,31,1/1/2012,1/31/2012,2012-01-02,2012-01-31,10:00,4.57M,4.67M,4.38M
1/20/2012,2012,0,1,0,31,12/1/2011,12/31/2011,2011-12-01,2011-12-30,10:00,4.61M,4.65M,4.39M
12/21/2011,2011,11,1,11,30,11/1/2011,11/30/2011,2011-11-01,2011-11-30,10:00,4.42M,5.03M,4.25M
11/21/2011,2011,10,1,10,31,10/1/2011,10/31/2011,2011-10-03,2011-10-31,10:00,4.97M,4.80M,4.90M
10/20/2011,2011,9,1,9,30,9/1/2011,9/30/2011,2011-09-01,2011-09-30,9:00,4.91M,4.90M,5.06M
9/21/2011,2011,8,1,8,31,8/1/2011,8/31/2011,2011-08-01,2011-08-31,9:00,5.03M,4.75M,4.67M
8/18/2011,2011,7,1,7,31,7/1/2011,7/31/2011,2011-07-01,2011-07-29,9:00,4.67M,4.90M,4.84M
7/20/2011,2011,6,1,6,30,6/1/2011,6/30/2011,2011-06-01,2011-06-30,9:00,4.77M,4.92M,4.81M
6/21/2011,2011,5,1,5,31,5/1/2011,5/31/2011,2011-05-02,2011-05-31,9:00,4.81M,4.78M,5.00M
5/19/2011,2011,4,1,4,30,4/1/2011,4/30/2011,2011-04-01,2011-04-29,9:00,5.05M,5.22M,5.09M
4/20/2011,2011,3,1,3,31,3/1/2011,3/31/2011,2011-03-01,2011-03-31,9:00,5.10M,5.00M,4.92M
3/21/2011,2011,2,1,2,28,2/1/2011,2/28/2011,2011-02-01,2011-02-28,9:00,4.88M,5.05M,5.40M
2/23/2011,2011,1,1,1,31,1/1/2011,1/31/2011,2011-01-03,2011-01-31,10:00,5.36M,5.23M,5.22M
1/20/2011,2011,0,1,0,31,12/1/2010,12/31/2010,2010-12-01,2010-12-31,10:00,5.28M,4.80M,4.70M
12/22/2010,2010,11,1,11,30,11/1/2010,11/30/2010,2010-11-01,2010-11-30,10:00,4.68M,4.75M,4.43M
11/23/2010,2010,10,1,10,31,10/1/2010,10/31/2010,2010-10-01,2010-10-29,10:00,4.43M,4.42M,4.53M
10/25/2010,2010,9,1,9,30,9/1/2010,9/30/2010,2010-09-01,2010-09-30,9:00,4.53M,4.25M,4.12M
9/23/2010,2010,8,1,8,31,8/1/2010,8/31/2010,2010-08-02,2010-08-31,9:00,4.13M,4.04M,3.84M
8/24/2010,2010,7,1,7,31,7/1/2010,7/31/2010,2010-07-01,2010-07-30,9:00,3.83M,4.75M,5.26M
7/22/2010,2010,6,1,6,30,6/1/2010,6/30/2010,2010-06-01,2010-06-30,9:00,5.37M,5.04M,5.66M
6/22/2010,2010,5,1,5,31,5/1/2010,5/31/2010,2010-05-03,2010-05-31,9:00,5.66M,6.10M,5.79M
5/24/2010,2010,4,1,4,30,4/1/2010,4/30/2010,2010-04-01,2010-04-30,9:00,5.77M,5.65M,5.36M
4/22/2010,2010,3,1,3,31,3/1/2010,3/31/2010,2010-03-01,2010-03-31,9:00,5.35M,5.30M,5.01M
3/23/2010,2010,2,1,2,28,2/1/2010,2/28/2010,2010-02-01,2010-02-26,9:00,5.02M,5.00M,5.05M
2/26/2010,2010,1,1,1,31,1/1/2010,1/31/2010,2010-01-01,2010-01-29,10:00,5.05M,5.50M,5.44M
1/25/2010,2010,0,1,0,31,12/1/2009,12/31/2009,2009-12-01,2009-12-31,10:00,5.45M,5.95M,6.54M
12/22/2009,2009,11,1,11,30,11/1/2009,11/30/2009,2009-11-02,2009-11-30,10:00,6.54M,6.25M,6.09M
11/23/2009,2009,10,1,10,31,10/1/2009,10/31/2009,2009-10-01,2009-10-30,10:00,6.10M,5.70M,5.54M
10/23/2009,2009,9,1,9,30,9/1/2009,9/30/2009,2009-09-01,2009-09-30,9:00,5.57M,5.40M,5.09M
9/24/2009,2009,8,1,8,31,8/1/2009,8/31/2009,2009-08-03,2009-08-31,9:00,5.10M,5.40M,5.24M
8/21/2009,2009,7,1,7,31,7/1/2009,7/31/2009,2009-07-01,2009-07-31,9:00,5.24M,5.03M,4.89M
7/23/2009,2009,6,1,6,30,6/1/2009,6/30/2009,2009-06-01,2009-06-30,9:00,4.89M,4.80M,4.72M
6/23/2009,2009,5,1,5,31,5/1/2009,5/31/2009,2009-05-01,2009-05-29,9:00,4.77M,4.81M,4.66M
5/27/2009,2009,4,1,4,30,4/1/2009,4/30/2009,2009-04-01,2009-04-30,9:00,4.68M,4.65M,4.55M
4/23/2009,2009,3,1,3,31,3/1/2009,3/31/2009,2009-03-02,2009-03-31,9:00,4.57M,4.66M,4.72M
3/23/2009,2009,2,1,2,28,2/1/2009,2/28/2009,2009-02-02,2009-02-27,9:00,4.72M,4.45M,4.49M
2/25/2009,2009,1,1,1,31,1/1/2009,1/31/2009,2009-01-01,2009-01-30,10:00,4.49M,4.78M,4.74M
1/26/2009,2009,0,1,0,31,12/1/2008,12/31/2008,2008-12-01,2008-12-31,10:00,4.74M,4.40M,4.49M
12/23/2008,2008,11,1,11,30,11/1/2008,11/30/2008,2008-11-03,2008-11-28,10:00,4.49M,4.90M,4.98M
11/24/2008,2008,10,1,10,31,10/1/2008,10/31/2008,2008-10-01,2008-10-31,10:00,4.98M,5.00M,5.18M
10/24/2008,2008,9,1,9,30,9/1/2008,9/30/2008,2008-09-01,2008-09-30,9:00,5.18M,4.95M,4.91M
9/24/2008,2008,8,1,8,31,8/1/2008,8/31/2008,2008-08-01,2008-08-29,9:00,4.91M,4.93M,5.00M
8/25/2008,2008,7,1,7,31,7/1/2008,7/31/2008,2008-07-01,2008-07-31,9:00,5.00M,,4.86M
7/24/2008,2008,6,1,6,30,6/1/2008,6/30/2008,2008-06-02,2008-06-30,9:00,4.86M,4.93M,4.99M
6/26/2008,2008,5,1,5,31,5/1/2008,5/31/2008,2008-05-01,2008-05-30,9:00,4.99M,4.96M,4.89M
5/23/2008,2008,4,1,4,30,4/1/2008,4/30/2008,2008-04-01,2008-04-30,10:00,4.89M,4.86M,4.93M
4/22/2008,2008,3,1,3,31,3/1/2008,3/31/2008,2008-03-03,2008-03-31,9:00,4.93M,4.90M,5.03M
3/24/2008,2008,2,1,2,29,2/1/2008,2/29/2008,2008-02-01,2008-02-29,9:00,5.03M,4.85M,4.89M
2/25/2008,2008,1,1,1,31,1/1/2008,1/31/2008,2008-01-01,2008-01-31,10:00,4.89M,4.80M,4.89M
1/1/2008,2008,0,1,0,31,12/1/2007,12/31/2007,2007-12-03,2007-12-31,4:00,4.41M,,4.46M
12/1/2007,2007,11,1,11,30,11/1/2007,11/30/2007,2007-11-01,2007-11-30,4:00,4.46M,,4.43M
11/1/2007,2007,10,1,10,31,10/1/2007,10/31/2007,2007-10-01,2007-10-31,4:00,4.43M,,4.58M
10/1/2007,2007,9,1,9,30,9/1/2007,9/30/2007,2007-09-03,2007-09-28,4:00,4.58M,,4.87M
9/1/2007,2007,8,1,8,31,8/1/2007,8/31/2007,2007-08-01,2007-08-31,4:00,4.87M,,5.07M
8/1/2007,2007,7,1,7,31,7/1/2007,7/31/2007,2007-07-02,2007-07-31,4:00,5.07M,,5.12M
7/1/2007,2007,6,1,6,30,6/1/2007,6/30/2007,2007-06-01,2007-06-29,4:00,5.12M,,5.27M
6/1/2007,2007,5,1,5,31,5/1/2007,5/31/2007,2007-05-01,2007-05-31,4:00,5.27M,,5.29M
5/1/2007,2007,4,1,4,30,4/1/2007,4/30/2007,2007-04-02,2007-04-30,4:00,5.29M,,5.46M
4/1/2007,2007,3,1,3,31,3/1/2007,3/31/2007,2007-03-01,2007-03-30,4:00,5.46M,,5.79M
3/1/2007,2007,2,1,2,28,2/1/2007,2/28/2007,2007-02-01,2007-02-28,4:00,5.79M,,5.74M
2/1/2007,2007,1,1,1,31,1/1/2007,1/31/2007,2007-01-01,2007-01-31,4:00,5.74M,,6.40M
1/1/2007,2007,0,1,0,31,12/1/2006,12/31/2006,2006-12-01,2006-12-29,4:00,6.40M,,6.34M
12/1/2006,2006,11,1,11,30,11/1/2006,11/30/2006,2006-11-01,2006-11-30,4:00,6.34M,,6.36M
11/1/2006,2006,10,1,10,31,10/1/2006,10/31/2006,2006-10-02,2006-10-31,4:00,6.36M,,6.28M
10/1/2006,2006,9,1,9,30,9/1/2006,9/30/2006,2006-09-01,2006-09-29,4:00,6.28M,,6.34M
9/1/2006,2006,8,1,8,31,8/1/2006,8/31/2006,2006-08-01,2006-08-31,4:00,6.34M,,6.32M
8/1/2006,2006,7,1,7,31,7/1/2006,7/31/2006,2006-07-03,2006-07-31,4:00,6.32M,,6.48M
7/1/2006,2006,6,1,6,30,6/1/2006,6/30/2006,2006-06-01,2006-06-30,4:00,6.48M,,6.58M
6/1/2006,2006,5,1,5,31,5/1/2006,5/31/2006,2006-05-01,2006-05-31,4:00,6.58M,,6.70M
5/1/2006,2006,4,1,4,30,4/1/2006,4/30/2006,2006-04-03,2006-04-28,4:00,6.70M,,6.83M
4/1/2006,2006,3,1,3,31,3/1/2006,3/31/2006,2006-03-01,2006-03-31,4:00,6.83M,,6.84M
3/1/2006,2006,2,1,2,28,2/1/2006,2/28/2006,2006-02-01,2006-02-28,4:00,6.84M,,6.72M
2/1/2006,2006,1,1,1,31,1/1/2006,1/31/2006,2006-01-02,2006-01-31,4:00,6.72M,,6.84M
1/1/2006,2006,0,1,0,31,12/1/2005,12/31/2005,2005-12-01,2005-12-30,4:00,6.84M,,7.03M
12/1/2005,2005,11,1,11,30,11/1/2005,11/30/2005,2005-11-01,2005-11-30,4:00,7.03M,,7.10M
11/1/2005,2005,10,1,10,31,10/1/2005,10/31/2005,2005-10-03,2005-10-31,4:00,7.10M,,7.25M
10/1/2005,2005,9,1,9,30,9/1/2005,9/30/2005,2005-09-01,2005-09-30,4:00,7.25M,,7.23M
9/1/2005,2005,8,1,8,31,8/1/2005,8/31/2005,2005-08-01,2005-08-31,4:00,7.23M,,7.14M
8/1/2005,2005,7,1,7,31,7/1/2005,7/31/2005,2005-07-01,2005-07-29,4:00,7.14M,,7.18M
7/1/2005,2005,6,1,6,30,6/1/2005,6/30/2005,2005-06-01,2005-06-30,4:00,7.18M,,7.08M
6/1/2005,2005,5,1,5,31,5/1/2005,5/31/2005,2005-05-02,2005-05-31,4:00,7.08M,,7.12M
5/1/2005,2005,4,1,4,30,4/1/2005,4/30/2005,2005-04-01,2005-04-29,4:00,7.12M,,6.96M
4/1/2005,2005,3,1,3,31,3/1/2005,3/31/2005,2005-03-01,2005-03-31,4:00,6.96M,,6.88M
3/1/2005,2005,2,1,2,28,2/1/2005,2/28/2005,2005-02-01,2005-02-28,4:00,6.88M,,7.10M
2/1/2005,2005,1,1,1,31,1/1/2005,1/31/2005,2005-01-03,2005-01-31,4:00,7.10M,,6.89M
1/1/2005,2005,0,1,0,31,12/1/2004,12/31/2004,2004-12-01,2004-12-31,4:00,6.89M,,6.96M
12/1/2004,2004,11,1,11,30,11/1/2004,11/30/2004,2004-11-01,2004-11-30,4:00,6.96M,,6.85M
11/1/2004,2004,10,1,10,31,10/1/2004,10/31/2004,2004-10-01,2004-10-29,4:00,6.85M,,6.68M
10/1/2004,2004,9,1,9,30,9/1/2004,9/30/2004,2004-09-01,2004-09-30,4:00,6.68M,,6.70M
9/1/2004,2004,8,1,8,31,8/1/2004,8/31/2004,2004-08-02,2004-08-31,4:00,6.70M,,6.84M
8/1/2004,2004,7,1,7,31,7/1/2004,7/31/2004,2004-07-01,2004-07-30,4:00,6.84M,,6.92M
7/1/2004,2004,6,1,6,30,6/1/2004,6/30/2004,2004-06-01,2004-06-30,4:00,6.92M,,6.85M
6/1/2004,2004,5,1,5,31,5/1/2004,5/31/2004,2004-05-03,2004-05-31,4:00,6.85M,,6.73M
5/1/2004,2004,4,1,4,30,4/1/2004,4/30/2004,2004-04-01,2004-04-30,4:00,6.73M,,6.66M
4/1/2004,2004,3,1,3,31,3/1/2004,3/31/2004,2004-03-01,2004-03-31,4:00,6.66M,,6.41M
3/1/2004,2004,2,1,2,29,2/1/2004,2/29/2004,2004-02-02,2004-02-27,4:00,6.41M,,6.23M
2/1/2004,2004,1,1,1,31,1/1/2004,1/31/2004,2004-01-01,2004-01-30,4:00,6.23M,,6.49M
1/1/2004,2004,0,1,0,31,12/1/2003,12/31/2003,2003-12-01,2003-12-31,4:00,6.49M,,6.23M
12/1/2003,2003,11,1,11,30,11/1/2003,11/30/2003,2003-11-03,2003-11-28,4:00,6.23M,,6.39M
11/1/2003,2003,10,1,10,31,10/1/2003,10/31/2003,2003-10-01,2003-10-31,4:00,6.39M,,6.58M
10/1/2003,2003,9,1,9,30,9/1/2003,9/30/2003,2003-09-01,2003-09-30,4:00,6.58M,,6.52M
9/1/2003,2003,8,1,8,31,8/1/2003,8/31/2003,2003-08-01,2003-08-29,4:00,6.52M,,6.27M
8/1/2003,2003,7,1,7,31,7/1/2003,7/31/2003,2003-07-01,2003-07-31,4:00,6.27M,,5.94M
7/1/2003,2003,6,1,6,30,6/1/2003,6/30/2003,2003-06-02,2003-06-30,4:00,5.94M,,5.94M
6/1/2003,2003,5,1,5,31,5/1/2003,5/31/2003,2003-05-01,2003-05-30,4:00,5.94M,,5.84M
5/1/2003,2003,4,1,4,30,4/1/2003,4/30/2003,2003-04-01,2003-04-30,4:00,5.84M,,5.86M
4/1/2003,2003,3,1,3,31,3/1/2003,3/31/2003,2003-03-03,2003-03-31,4:00,5.86M,,6.02M
3/1/2003,2003,2,1,2,28,2/1/2003,2/28/2003,2003-02-03,2003-02-28,4:00,6.02M,,6.03M
2/1/2003,2003,1,1,1,31,1/1/2003,1/31/2003,2003-01-01,2003-01-31,4:00,6.03M,,5.97M
1/1/2003,2003,0,1,0,31,12/1/2002,12/31/2002,2002-12-02,2002-12-31,4:00,5.97M,,5.73M
12/1/2002,2002,11,1,11,30,11/1/2002,11/30/2002,2002-11-01,2002-11-29,4:00,5.73M,,5.68M
11/1/2002,2002,10,1,10,31,10/1/2002,10/31/2002,2002-10-01,2002-10-31,4:00,5.68M,,5.52M
10/1/2002,2002,9,1,9,30,9/1/2002,9/30/2002,2002-09-02,2002-09-30,4:00,5.52M,,5.36M
9/1/2002,2002,8,1,8,31,8/1/2002,8/31/2002,2002-08-01,2002-08-30,4:00,5.36M,,5.41M
8/1/2002,2002,7,1,7,31,7/1/2002,7/31/2002,2002-07-01,2002-07-31,4:00,5.41M,,5.51M
7/1/2002,2002,6,1,6,30,6/1/2002,6/30/2002,2002-06-03,2002-06-28,4:00,5.51M,,5.64M
6/1/2002,2002,5,1,5,31,5/1/2002,5/31/2002,2002-05-01,2002-05-31,4:00,5.64M,,5.67M
5/1/2002,2002,4,1,4,30,4/1/2002,4/30/2002,2002-04-01,2002-04-30,4:00,5.67M,,5.63M
4/1/2002,2002,3,1,3,31,3/1/2002,3/31/2002,2002-03-01,2002-03-29,4:00,5.63M,,5.90M
3/1/2002,2002,2,1,2,28,2/1/2002,2/28/2002,2002-02-01,2002-02-28,4:00,5.90M,,5.86M
2/1/2002,2002,1,1,1,31,1/1/2002,1/31/2002,2002-01-01,2002-01-31,4:00,5.86M,,5.49M
1/1/2002,2002,0,1,0,31,12/1/2001,12/31/2001,2001-12-03,2001-12-31,4:00,5.49M,,5.24M
12/1/2001,2001,11,1,11,30,11/1/2001,11/30/2001,2001-11-01,2001-11-30,4:00,5.24M,,5.25M
11/1/2001,2001,10,1,10,31,10/1/2001,10/31/2001,2001-10-01,2001-10-31,4:00,5.25M,,5.23M
10/1/2001,2001,9,1,9,30,9/1/2001,9/30/2001,2001-09-03,2001-09-28,4:00,5.23M,,5.48M
9/1/2001,2001,8,1,8,31,8/1/2001,8/31/2001,2001-08-01,2001-08-31,4:00,5.48M,,5.43M
8/1/2001,2001,7,1,7,31,7/1/2001,7/31/2001,2001-07-02,2001-07-31,4:00,5.43M,,5.43M
7/1/2001,2001,6,1,6,30,6/1/2001,6/30/2001,2001-06-01,2001-06-29,4:00,5.43M,,5.27M
6/1/2001,2001,5,1,5,31,5/1/2001,5/31/2001,2001-05-01,2001-05-31,4:00,5.27M,,5.32M
5/1/2001,2001,4,1,4,30,4/1/2001,4/30/2001,2001-04-02,2001-04-30,4:00,5.32M,,5.45M
4/1/2001,2001,3,1,3,31,3/1/2001,3/31/2001,2001-03-01,2001-03-30,4:00,5.45M,,5.23M
3/1/2001,2001,2,1,2,28,2/1/2001,2/28/2001,2001-02-01,2001-02-28,4:00,5.23M,,5.10M
2/1/2001,2001,1,1,1,31,1/1/2001,1/31/2001,2001-01-01,2001-01-31,4:00,5.10M,,5.10M
1/1/2001,2001,0,1,0,31,12/1/2000,12/31/2000,2000-12-01,2000-12-29,4:00,5.10M,,5.35M
12/1/2000,2000,11,1,11,30,11/1/2000,11/30/2000,2000-11-01,2000-11-30,4:00,5.35M,,5.25M
11/1/2000,2000,10,1,10,31,10/1/2000,10/31/2000,2000-10-02,2000-10-31,4:00,5.25M,,5.29M
10/1/2000,2000,9,1,9,30,9/1/2000,9/30/2000,2000-09-01,2000-09-29,4:00,5.29M,,5.17M
9/1/2000,2000,8,1,8,31,8/1/2000,8/31/2000,2000-08-01,2000-08-31,4:00,5.17M,,5.11M
8/1/2000,2000,7,1,7,31,7/1/2000,7/31/2000,2000-07-03,2000-07-31,4:00,5.11M,,5.13M
7/1/2000,2000,6,1,6,30,6/1/2000,6/30/2000,2000-06-01,2000-06-30,4:00,5.13M,,5.11M
6/1/2000,2000,5,1,5,31,5/1/2000,5/31/2000,2000-05-01,2000-05-31,4:00,5.11M,,5.20M
5/1/2000,2000,4,1,4,30,4/1/2000,4/30/2000,2000-04-03,2000-04-28,4:00,5.20M,,5.19M
4/1/2000,2000,3,1,3,31,3/1/2000,3/31/2000,2000-03-01,2000-03-31,4:00,5.19M,,5.12M
3/1/2000,2000,2,1,2,29,2/1/2000,2/29/2000,2000-02-01,2000-02-29,4:00,5.12M,,5.23M
2/1/2000,2000,1,1,1,31,1/1/2000,1/31/2000,2000-01-03,2000-01-31,4:00,5.23M,,5.08M
1/1/2000,2000,0,1,0,31,12/1/1999,12/31/1999,1999-12-01,1999-12-31,4:00,5.08M,,5.09M
12/1/1999,1999,11,1,11,30,11/1/1999,11/30/1999,1999-11-01,1999-11-30,4:00,5.09M,,5.11M
11/1/1999,1999,10,1,10,31,10/1/1999,10/31/1999,1999-10-01,1999-10-29,4:00,5.11M,,5.12M
10/1/1999,1999,9,1,9,30,9/1/1999,9/30/1999,1999-09-01,1999-09-30,4:00,5.12M,,5.23M
9/1/1999,1999,8,1,8,31,8/1/1999,8/31/1999,1999-08-02,1999-08-31,4:00,5.23M,,5.25M
8/1/1999,1999,7,1,7,31,7/1/1999,7/31/1999,1999-07-01,1999-07-30,4:00,5.25M,,5.43M
7/1/1999,1999,6,1,6,30,6/1/1999,6/30/1999,1999-06-01,1999-06-30,4:00,5.43M,,5.19M
6/1/1999,1999,5,1,5,31,5/1/1999,5/31/1999,1999-05-03,1999-05-31,4:00,5.19M,,5.08M
5/1/1999,1999,4,1,4,30,4/1/1999,4/30/1999,1999-04-01,1999-04-30,4:00,5.08M,,5.15M
4/1/1999,1999,3,1,3,31,3/1/1999,3/31/1999,1999-03-01,1999-03-31,4:00,5.15M,,5.10M
3/1/1999,1999,2,1,2,28,2/1/1999,2/28/1999,1999-02-01,1999-02-26,4:00,5.10M,,5.23M
2/1/1999,1999,1,1,1,31,1/1/1999,1/31/1999,1999-01-01,1999-01-29,4:00,5.23M,,5.28M
1/1/1999,1999,0,1,0,31,12/1/1998,12/31/1998,1998-12-01,1998-12-31,4:00,5.28M,,5.12M
12/1/1998,1998,11,1,11,30,11/1/1998,11/30/1998,1998-11-02,1998-11-30,4:00,5.12M,,5.05M
11/1/1998,1998,10,1,10,31,10/1/1998,10/31/1998,1998-10-01,1998-10-30,4:00,5.05M,,4.97M
10/1/1998,1998,9,1,9,30,9/1/1998,9/30/1998,1998-09-01,1998-09-30,4:00,4.97M,,4.97M
9/1/1998,1998,8,1,8,31,8/1/1998,8/31/1998,1998-08-03,1998-08-31,4:00,4.97M,,5.02M
8/1/1998,1998,7,1,7,31,7/1/1998,7/31/1998,1998-07-01,1998-07-31,4:00,5.02M,,4.90M
7/1/1998,1998,6,1,6,30,6/1/1998,6/30/1998,1998-06-01,1998-06-30,4:00,4.90M,,4.96M
6/1/1998,1998,5,1,5,31,5/1/1998,5/31/1998,1998-05-01,1998-05-29,4:00,4.96M,,4.91M
5/1/1998,1998,4,1,4,30,4/1/1998,4/30/1998,1998-04-01,1998-04-30,4:00,4.91M,,4.94M
4/1/1998,1998,3,1,3,31,3/1/1998,3/31/1998,1998-03-02,1998-03-31,4:00,4.94M,,4.83M
3/1/1998,1998,2,1,2,28,2/1/1998,2/28/1998,1998-02-02,1998-02-27,4:00,4.83M,,4.61M
2/1/1998,1998,1,1,1,31,1/1/1998,1/31/1998,1998-01-01,1998-01-30,4:00,4.61M,,4.67M
1/1/1998,1998,0,1,0,31,12/1/1997,12/31/1997,1997-12-01,1997-12-31,4:00,4.67M,,4.57M
12/1/1997,1997,11,1,11,30,11/1/1997,11/30/1997,1997-11-03,1997-11-28,4:00,4.57M,,4.65M
11/1/1997,1997,10,1,10,31,10/1/1997,10/31/1997,1997-10-01,1997-10-31,4:00,4.65M,,4.53M
10/1/1997,1997,9,1,9,30,9/1/1997,9/30/1997,1997-09-01,1997-09-30,4:00,4.53M,,4.47M
9/1/1997,1997,8,1,8,31,8/1/1997,8/31/1997,1997-08-01,1997-08-29,4:00,4.47M,,4.30M
8/1/1997,1997,7,1,7,31,7/1/1997,7/31/1997,1997-07-01,1997-07-31,4:00,4.30M,,4.25M
7/1/1997,1997,6,1,6,30,6/1/1997,6/30/1997,1997-06-02,1997-06-30,4:00,4.25M,,4.32M
6/1/1997,1997,5,1,5,31,5/1/1997,5/31/1997,1997-05-01,1997-05-30,4:00,4.32M,,4.19M
5/1/1997,1997,4,1,4,30,4/1/1997,4/30/1997,1997-04-01,1997-04-30,4:00,4.19M,,4.19M
4/1/1997,1997,3,1,3,31,3/1/1997,3/31/1997,1997-03-03,1997-03-31,4:00,4.19M,,4.28M
3/1/1997,1997,2,1,2,28,2/1/1997,2/28/1997,1997-02-03,1997-02-28,4:00,4.28M,,4.26M
2/1/1997,1997,1,1,1,31,1/1/1997,1/31/1997,1997-01-01,1997-01-31,4:00,4.26M,,4.17M
1/1/1997,1997,0,1,0,31,12/1/1996,12/31/1996,1996-12-02,1996-12-31,4:00,4.17M,,4.21M
12/1/1996,1996,11,1,11,30,11/1/1996,11/30/1996,1996-11-01,1996-11-29,4:00,4.21M,,4.13M
11/1/1996,1996,10,1,10,31,10/1/1996,10/31/1996,1996-10-01,1996-10-31,4:00,4.13M,,4.12M
10/1/1996,1996,9,1,9,30,9/1/1996,9/30/1996,1996-09-02,1996-09-30,4:00,4.12M,,4.19M
9/1/1996,1996,8,1,8,31,8/1/1996,8/31/1996,1996-08-01,1996-08-30,4:00,4.19M,,4.24M
8/1/1996,1996,7,1,7,31,7/1/1996,7/31/1996,1996-07-01,1996-07-31,4:00,4.24M,,4.17M
7/1/1996,1996,6,1,6,30,6/1/1996,6/30/1996,1996-06-03,1996-06-28,4:00,4.17M,,4.31M
6/1/1996,1996,5,1,5,31,5/1/1996,5/31/1996,1996-05-01,1996-05-31,4:00,4.31M,,4.34M
5/1/1996,1996,4,1,4,30,4/1/1996,4/30/1996,1996-04-01,1996-04-30,4:00,4.34M,,4.20M
4/1/1996,1996,3,1,3,31,3/1/1996,3/31/1996,1996-03-01,1996-03-29,4:00,4.20M,,4.01M
3/1/1996,1996,2,1,2,29,2/1/1996,2/29/1996,1996-02-01,1996-02-29,4:00,4.01M,,4.06M
2/1/1996,1996,1,1,1,31,1/1/1996,1/31/1996,1996-01-01,1996-01-31,4:00,4.06M,,4.10M
1/1/1996,1996,0,1,0,31,12/1/1995,12/31/1995,1995-12-01,1995-12-29,4:00,4.10M,,4.12M
12/1/1995,1995,11,1,11,30,11/1/1995,11/30/1995,1995-11-01,1995-11-30,4:00,4.12M,,4.13M
11/1/1995,1995,10,1,10,31,10/1/1995,10/31/1995,1995-10-02,1995-10-31,4:00,4.13M,,4.17M
10/1/1995,1995,9,1,9,30,9/1/1995,9/30/1995,1995-09-01,1995-09-29,4:00,4.17M,,4.11M
9/1/1995,1995,8,1,8,31,8/1/1995,8/31/1995,1995-08-01,1995-08-31,4:00,4.11M,,3.96M
8/1/1995,1995,7,1,7,31,7/1/1995,7/31/1995,1995-07-03,1995-07-31,4:00,3.96M,,3.84M
7/1/1995,1995,6,1,6,30,6/1/1995,6/30/1995,1995-06-01,1995-06-30,4:00,3.84M,,3.69M
6/1/1995,1995,5,1,5,31,5/1/1995,5/31/1995,1995-05-01,1995-05-31,4:00,3.69M,,3.46M
5/1/1995,1995,4,1,4,30,4/1/1995,4/30/1995,1995-04-03,1995-04-28,4:00,3.46M,,3.65M
4/1/1995,1995,3,1,3,31,3/1/1995,3/31/1995,1995-03-01,1995-03-31,4:00,3.65M,,3.67M
3/1/1995,1995,2,1,2,28,2/1/1995,2/28/1995,1995-02-01,1995-02-28,4:00,3.67M,,3.68M
2/1/1995,1995,1,1,1,31,1/1/1995,1/31/1995,1995-01-02,1995-01-31,4:00,3.68M,,3.81M
1/1/1995,1995,0,1,0,31,12/1/1994,12/31/1994,1994-12-01,1994-12-30,4:00,3.81M,,3.71M
12/1/1994,1994,11,1,11,30,11/1/1994,11/30/1994,1994-11-01,1994-11-30,4:00,3.71M,,3.78M
11/1/1994,1994,10,1,10,31,10/1/1994,10/31/1994,1994-10-03,1994-10-31,4:00,3.78M,,3.76M
10/1/1994,1994,9,1,9,30,9/1/1994,9/30/1994,1994-09-01,1994-09-30,4:00,3.76M,,3.85M
9/1/1994,1994,8,1,8,31,8/1/1994,8/31/1994,1994-08-01,1994-08-31,4:00,3.85M,,3.82M
8/1/1994,1994,7,1,7,31,7/1/1994,7/31/1994,1994-07-01,1994-07-29,4:00,3.82M,,3.97M
7/1/1994,1994,6,1,6,30,6/1/1994,6/30/1994,1994-06-01,1994-06-30,4:00,3.97M,,4.09M
6/1/1994,1994,5,1,5,31,5/1/1994,5/31/1994,1994-05-02,1994-05-31,4:00,4.09M,,4.14M
5/1/1994,1994,4,1,4,30,4/1/1994,4/30/1994,1994-04-01,1994-04-29,4:00,4.14M,,4.05M
4/1/1994,1994,3,1,3,31,3/1/1994,3/31/1994,1994-03-01,1994-03-31,4:00,4.05M,,3.96M
3/1/1994,1994,2,1,2,28,2/1/1994,2/28/1994,1994-02-01,1994-02-28,4:00,3.96M,,4.17M
2/1/1994,1994,1,1,1,31,1/1/1994,1/31/1994,1994-01-03,1994-01-31,4:00,4.17M,,4.28M
1/1/1994,1994,0,1,0,31,12/1/1993,12/31/1993,1993-12-01,1993-12-31,4:00,4.28M,,4.08M
12/1/1993,1993,11,1,11,30,11/1/1993,11/30/1993,1993-11-01,1993-11-30,4:00,4.08M,,3.93M
11/1/1993,1993,10,1,10,31,10/1/1993,10/31/1993,1993-10-01,1993-10-29,4:00,3.93M,,3.92M
10/1/1993,1993,9,1,9,30,9/1/1993,9/30/1993,1993-09-01,1993-09-30,4:00,3.92M,,3.85M
9/1/1993,1993,8,1,8,31,8/1/1993,8/31/1993,1993-08-02,1993-08-31,4:00,3.85M,,3.83M
8/1/1993,1993,7,1,7,31,7/1/1993,7/31/1993,1993-07-01,1993-07-30,4:00,3.83M,,3.72M
7/1/1993,1993,6,1,6,30,6/1/1993,6/30/1993,1993-06-01,1993-06-30,4:00,3.72M,,3.60M
6/1/1993,1993,5,1,5,31,5/1/1993,5/31/1993,1993-05-03,1993-05-31,4:00,3.60M,,3.44M
5/1/1993,1993,4,1,4,30,4/1/1993,4/30/1993,1993-04-01,1993-04-30,4:00,3.44M,,3.44M
4/1/1993,1993,3,1,3,31,3/1/1993,3/31/1993,1993-03-01,1993-03-31,4:00,3.44M,,3.54M
3/1/1993,1993,2,1,2,28,2/1/1993,2/28/1993,1993-02-01,1993-02-26,4:00,3.54M,,3.71M
2/1/1993,1993,1,1,1,31,1/1/1993,1/31/1993,1993-01-01,1993-01-29,4:00,3.71M,,3.83M
1/1/1993,1993,0,1,0,31,12/1/1992,12/31/1992,1992-12-01,1992-12-31,4:00,3.83M,,3.66M
12/1/1992,1992,11,1,11,30,11/1/1992,11/30/1992,1992-11-02,1992-11-30,4:00,3.66M,,3.59M
11/1/1992,1992,10,1,10,31,10/1/1992,10/31/1992,1992-10-01,1992-10-30,4:00,3.59M,,3.39M
10/1/1992,1992,9,1,9,30,9/1/1992,9/30/1992,1992-09-01,1992-09-30,4:00,3.39M,,3.32M
9/1/1992,1992,8,1,8,31,8/1/1992,8/31/1992,1992-08-03,1992-08-31,4:00,3.32M,,3.35M
8/1/1992,1992,7,1,7,31,7/1/1992,7/31/1992,1992-07-01,1992-07-31,4:00,3.35M,,3.34M
7/1/1992,1992,6,1,6,30,6/1/1992,6/30/1992,1992-06-01,1992-06-30,4:00,3.34M,,3.42M
6/1/1992,1992,5,1,5,31,5/1/1992,5/31/1992,1992-05-01,1992-05-29,4:00,3.42M,,3.50M
5/1/1992,1992,4,1,4,30,4/1/1992,4/30/1992,1992-04-01,1992-04-30,4:00,3.50M,,3.51M
4/1/1992,1992,3,1,3,31,3/1/1992,3/31/1992,1992-03-02,1992-03-31,4:00,3.51M,,3.50M
3/1/1992,1992,2,1,2,29,2/1/1992,2/29/1992,1992-02-03,1992-02-28,4:00,3.50M,,3.26M
2/1/1992,1992,1,1,1,31,1/1/1992,1/31/1992,1992-01-01,1992-01-31,4:00,3.26M,,3.14M
1/1/1992,1992,0,1,0,31,12/1/1991,12/31/1991,1991-12-02,1991-12-31,4:00,3.14M,,3.09M
12/1/1991,1991,11,1,11,30,11/1/1991,11/30/1991,1991-11-01,1991-11-29,4:00,3.09M,,3.07M
11/1/1991,1991,10,1,10,31,10/1/1991,10/31/1991,1991-10-01,1991-10-31,4:00,3.07M,,3.17M
10/1/1991,1991,9,1,9,30,9/1/1991,9/30/1991,1991-09-02,1991-09-30,4:00,3.17M,,3.13M
9/1/1991,1991,8,1,8,31,8/1/1991,8/31/1991,1991-08-01,1991-08-30,4:00,3.13M,,3.26M
8/1/1991,1991,7,1,7,31,7/1/1991,7/31/1991,1991-07-01,1991-07-31,4:00,3.26M,,3.40M
7/1/1991,1991,6,1,6,30,6/1/1991,6/30/1991,1991-06-03,1991-06-28,4:00,3.40M,,3.40M
6/1/1991,1991,5,1,5,31,5/1/1991,5/31/1991,1991-05-01,1991-05-31,4:00,3.40M,,3.23M
5/1/1991,1991,4,1,4,30,4/1/1991,4/30/1991,1991-04-01,1991-04-30,4:00,3.23M,,3.12M
4/1/1991,1991,3,1,3,31,3/1/1991,3/31/1991,1991-03-01,1991-03-29,4:00,3.12M,,3.09M
3/1/1991,1991,2,1,2,28,2/1/1991,2/28/1991,1991-02-01,1991-02-28,4:00,3.09M,,2.90M
2/1/1991,1991,1,1,1,31,1/1/1991,1/31/1991,1991-01-01,1991-01-31,4:00,2.90M,,2.90M
1/1/1991,1991,0,1,0,31,12/1/1990,12/31/1990,1990-12-03,1990-12-31,4:00,2.90M,,2.98M
12/1/1990,1990,11,1,11,30,11/1/1990,11/30/1990,1990-11-01,1990-11-30,4:00,2.98M,,3.12M
11/1/1990,1990,10,1,10,31,10/1/1990,10/31/1990,1990-10-01,1990-10-31,4:00,3.12M,,3.18M
10/1/1990,1990,9,1,9,30,9/1/1990,9/30/1990,1990-09-03,1990-09-28,4:00,3.18M,,3.34M
9/1/1990,1990,8,1,8,31,8/1/1990,8/31/1990,1990-08-01,1990-08-31,4:00,3.34M,,3.19M
8/1/1990,1990,7,1,7,31,7/1/1990,7/31/1990,1990-07-02,1990-07-31,4:00,3.19M,,3.21M
7/1/1990,1990,6,1,6,30,6/1/1990,6/30/1990,1990-06-01,1990-06-29,4:00,3.21M,,3.20M
6/1/1990,1990,5,1,5,31,5/1/1990,5/31/1990,1990-05-01,1990-05-31,4:00,3.20M,,3.22M
5/1/1990,1990,4,1,4,30,4/1/1990,4/30/1990,1990-04-02,1990-04-30,4:00,3.22M,,3.34M
4/1/1990,1990,3,1,3,31,3/1/1990,3/31/1990,1990-03-01,1990-03-30,4:00,3.34M,,3.40M
3/1/1990,1990,2,1,2,28,2/1/1990,2/28/1990,1990-02-01,1990-02-28,4:00,3.40M,,3.63M
2/1/1990,1990,1,1,1,31,1/1/1990,1/31/1990,1990-01-01,1990-01-31,4:00,3.63M,,3.37M
1/1/1990,1990,0,1,0,31,12/1/1989,12/31/1989,1989-12-01,1989-12-29,4:00,3.37M,,3.41M
12/1/1989,1989,11,1,11,30,11/1/1989,11/30/1989,1989-11-01,1989-11-30,4:00,3.41M,,3.49M
11/1/1989,1989,10,1,10,31,10/1/1989,10/31/1989,1989-10-02,1989-10-31,4:00,3.49M,,3.54M
10/1/1989,1989,9,1,9,30,9/1/1989,9/30/1989,1989-09-01,1989-09-29,4:00,3.54M,,3.32M
9/1/1989,1989,8,1,8,31,8/1/1989,8/31/1989,1989-08-01,1989-08-31,4:00,3.32M,,3.26M
8/1/1989,1989,7,1,7,31,7/1/1989,7/31/1989,1989-07-03,1989-07-31,4:00,3.26M,,3.12M
7/1/1989,1989,6,1,6,30,6/1/1989,6/30/1989,1989-06-01,1989-06-30,4:00,3.12M,,3.11M
6/1/1989,1989,5,1,5,31,5/1/1989,5/31/1989,1989-05-01,1989-05-31,4:00,3.11M,,3.17M
5/1/1989,1989,4,1,4,30,4/1/1989,4/30/1989,1989-04-03,1989-04-28,4:00,3.17M,,3.30M
4/1/1989,1989,3,1,3,31,3/1/1989,3/31/1989,1989-03-01,1989-03-31,4:00,3.30M,,3.50M
3/1/1989,1989,2,1,2,28,2/1/1989,2/28/1989,1989-02-01,1989-02-28,4:00,3.50M,,3.60M
2/1/1989,1989,1,1,1,31,1/1/1989,1/31/1989,1989-01-02,1989-01-31,4:00,3.60M,,3.73M
1/1/1989,1989,0,1,0,31,12/1/1988,12/31/1988,1988-12-01,1988-12-30,4:00,3.73M,,3.53M
12/1/1988,1988,11,1,11,30,11/1/1988,11/30/1988,1988-11-01,1988-11-30,4:00,3.53M,,3.58M
11/1/1988,1988,10,1,10,31,10/1/1988,10/31/1988,1988-10-03,1988-10-31,4:00,3.58M,,3.56M
10/1/1988,1988,9,1,9,30,9/1/1988,9/30/1988,1988-09-01,1988-09-30,4:00,3.56M,,3.55M
9/1/1988,1988,8,1,8,31,8/1/1988,8/31/1988,1988-08-01,1988-08-31,4:00,3.55M,,3.56M
8/1/1988,1988,7,1,7,31,7/1/1988,7/31/1988,1988-07-01,1988-07-29,4:00,3.56M,,3.67M
7/1/1988,1988,6,1,6,30,6/1/1988,6/30/1988,1988-06-01,1988-06-30,4:00,3.67M,,3.54M
6/1/1988,1988,5,1,5,31,5/1/1988,5/31/1988,1988-05-02,1988-05-31,4:00,3.54M,,3.43M
5/1/1988,1988,4,1,4,30,4/1/1988,4/30/1988,1988-04-01,1988-04-29,4:00,3.43M,,3.32M
4/1/1988,1988,3,1,3,31,3/1/1988,3/31/1988,1988-03-01,1988-03-31,4:00,3.32M,,3.23M
3/1/1988,1988,2,1,2,29,2/1/1988,2/29/1988,1988-02-01,1988-02-29,4:00,3.23M,,3.09M
2/1/1988,1988,1,1,1,31,1/1/1988,1/31/1988,1988-01-01,1988-01-29,4:00,3.09M,,3.17M
1/1/1988,1988,0,1,0,31,12/1/1987,12/31/1987,1987-12-01,1987-12-31,4:00,3.17M,,3.23M
12/1/1987,1987,11,1,11,30,11/1/1987,11/30/1987,1987-11-02,1987-11-30,4:00,3.23M,,3.34M
11/1/1987,1987,10,1,10,31,10/1/1987,10/31/1987,1987-10-01,1987-10-30,4:00,3.34M,,3.32M
10/1/1987,1987,9,1,9,30,9/1/1987,9/30/1987,1987-09-01,1987-09-30,4:00,3.32M,,3.29M
9/1/1987,1987,8,1,8,31,8/1/1987,8/31/1987,1987-08-03,1987-08-31,4:00,3.29M,,3.42M
8/1/1987,1987,7,1,7,31,7/1/1987,7/31/1987,1987-07-01,1987-07-31,4:00,3.42M,,3.45M
7/1/1987,1987,6,1,6,30,6/1/1987,6/30/1987,1987-06-01,1987-06-30,4:00,3.45M,,3.63M
6/1/1987,1987,5,1,5,31,5/1/1987,5/31/1987,1987-05-01,1987-05-29,4:00,3.63M,,3.50M
5/1/1987,1987,4,1,4,30,4/1/1987,4/30/1987,1987-04-01,1987-04-30,4:00,3.50M,,3.64M
4/1/1987,1987,3,1,3,31,3/1/1987,3/31/1987,1987-03-02,1987-03-31,4:00,3.64M,,3.65M
3/1/1987,1987,2,1,2,28,2/1/1987,2/28/1987,1987-02-02,1987-02-27,4:00,3.65M,,3.49M
2/1/1987,1987,1,1,1,31,1/1/1987,1/31/1987,1987-01-01,1987-01-30,4:00,3.49M,,3.90M
1/1/1987,1987,0,1,0,31,12/1/1986,12/31/1986,1986-12-01,1986-12-31,4:00,3.90M,,3.74M
12/1/1986,1986,11,1,11,30,11/1/1986,11/30/1986,1986-11-03,1986-11-28,4:00,3.74M,,3.57M
11/1/1986,1986,10,1,10,31,10/1/1986,10/31/1986,1986-10-01,1986-10-31,4:00,3.57M,,3.57M
10/1/1986,1986,9,1,9,30,9/1/1986,9/30/1986,1986-09-01,1986-09-30,4:00,3.57M,,3.51M
9/1/1986,1986,8,1,8,31,8/1/1986,8/31/1986,1986-08-01,1986-08-29,4:00,3.51M,,3.44M
8/1/1986,1986,7,1,7,31,7/1/1986,7/31/1986,1986-07-01,1986-07-31,4:00,3.44M,,3.36M
7/1/1986,1986,6,1,6,30,6/1/1986,6/30/1986,1986-06-02,1986-06-30,4:00,3.36M,,3.37M
6/1/1986,1986,5,1,5,31,5/1/1986,5/31/1986,1986-05-01,1986-05-30,4:00,3.37M,,3.49M
5/1/1986,1986,4,1,4,30,4/1/1986,4/30/1986,1986-04-01,1986-04-30,4:00,3.49M,,3.20M
4/1/1986,1986,3,1,3,31,3/1/1986,3/31/1986,1986-03-03,1986-03-31,4:00,3.20M,,3.27M
3/1/1986,1986,2,1,2,28,2/1/1986,2/28/1986,1986-02-03,1986-02-28,4:00,3.27M,,3.31M
2/1/1986,1986,1,1,1,31,1/1/1986,1/31/1986,1986-01-01,1986-01-31,4:00,3.31M,,3.29M
1/1/1986,1986,0,1,0,31,12/1/1985,12/31/1985,1985-12-02,1985-12-31,4:00,3.29M,,3.29M
12/1/1985,1985,11,1,11,30,11/1/1985,11/30/1985,1985-11-01,1985-11-29,4:00,3.29M,,3.33M
11/1/1985,1985,10,1,10,31,10/1/1985,10/31/1985,1985-10-01,1985-10-31,4:00,3.33M,,3.32M
10/1/1985,1985,9,1,9,30,9/1/1985,9/30/1985,1985-09-02,1985-09-30,4:00,3.32M,,3.36M
9/1/1985,1985,8,1,8,31,8/1/1985,8/31/1985,1985-08-01,1985-08-30,4:00,3.36M,,3.12M
8/1/1985,1985,7,1,7,31,7/1/1985,7/31/1985,1985-07-01,1985-07-31,4:00,3.12M,,3.04M
7/1/1985,1985,6,1,6,30,6/1/1985,6/30/1985,1985-06-03,1985-06-28,4:00,3.04M,,2.97M
6/1/1985,1985,5,1,5,31,5/1/1985,5/31/1985,1985-05-01,1985-05-31,4:00,2.97M,,2.96M
5/1/1985,1985,4,1,4,30,4/1/1985,4/30/1985,1985-04-01,1985-04-30,4:00,2.96M,,2.96M
4/1/1985,1985,3,1,3,31,3/1/1985,3/31/1985,1985-03-01,1985-03-29,4:00,2.96M,,2.88M
3/1/1985,1985,2,1,2,28,2/1/1985,2/28/1985,1985-02-01,1985-02-28,4:00,2.88M,,2.94M
2/1/1985,1985,1,1,1,31,1/1/1985,1/31/1985,1985-01-01,1985-01-31,4:00,2.94M,,2.77M
1/1/1985,1985,0,1,0,31,12/1/1984,12/31/1984,1984-12-03,1984-12-31,4:00,2.77M,,2.77M
12/1/1984,1984,11,1,11,30,11/1/1984,11/30/1984,1984-11-01,1984-11-30,4:00,2.77M,,2.65M
11/1/1984,1984,10,1,10,31,10/1/1984,10/31/1984,1984-10-01,1984-10-31,4:00,2.65M,,2.65M
10/1/1984,1984,9,1,9,30,9/1/1984,9/30/1984,1984-09-03,1984-09-28,4:00,2.65M,,2.69M
9/1/1984,1984,8,1,8,31,8/1/1984,8/31/1984,1984-08-01,1984-08-31,4:00,2.69M,,2.80M
8/1/1984,1984,7,1,7,31,7/1/1984,7/31/1984,1984-07-02,1984-07-31,4:00,2.80M,,2.90M
7/1/1984,1984,6,1,6,30,6/1/1984,6/30/1984,1984-06-01,1984-06-29,4:00,2.90M,,2.93M
6/1/1984,1984,5,1,5,31,5/1/1984,5/31/1984,1984-05-01,1984-05-31,4:00,2.93M,,2.98M
5/1/1984,1984,4,1,4,30,4/1/1984,4/30/1984,1984-04-02,1984-04-30,4:00,2.98M,,2.92M
4/1/1984,1984,3,1,3,31,3/1/1984,3/31/1984,1984-03-01,1984-03-30,4:00,2.92M,,2.89M
3/1/1984,1984,2,1,2,29,2/1/1984,2/29/1984,1984-02-01,1984-02-29,4:00,2.89M,,2.85M
2/1/1984,1984,1,1,1,31,1/1/1984,1/31/1984,1984-01-02,1984-01-31,4:00,2.85M,,2.80M
1/1/1984,1984,0,1,0,31,12/1/1983,12/31/1983,1983-12-01,1983-12-30,4:00,2.80M,,2.67M
12/1/1983,1983,11,1,11,30,11/1/1983,11/30/1983,1983-11-01,1983-11-30,4:00,2.67M,,2.71M
11/1/1983,1983,10,1,10,31,10/1/1983,10/31/1983,1983-10-03,1983-10-31,4:00,2.71M,,2.78M
10/1/1983,1983,9,1,9,30,9/1/1983,9/30/1983,1983-09-01,1983-09-30,4:00,2.78M,,2.77M
9/1/1983,1983,8,1,8,31,8/1/1983,8/31/1983,1983-08-01,1983-08-31,4:00,2.77M,,2.78M
8/1/1983,1983,7,1,7,31,7/1/1983,7/31/1983,1983-07-01,1983-07-29,4:00,2.78M,,2.77M
7/1/1983,1983,6,1,6,30,6/1/1983,6/30/1983,1983-06-01,1983-06-30,4:00,2.77M,,2.74M
6/1/1983,1983,5,1,5,31,5/1/1983,5/31/1983,1983-05-02,1983-05-31,4:00,2.74M,,2.60M
5/1/1983,1983,4,1,4,30,4/1/1983,4/30/1983,1983-04-01,1983-04-29,4:00,2.60M,,2.59M
4/1/1983,1983,3,1,3,31,3/1/1983,3/31/1983,1983-03-01,1983-03-31,4:00,2.59M,,2.43M
3/1/1983,1983,2,1,2,28,2/1/1983,2/28/1983,1983-02-01,1983-02-28,4:00,2.43M,,2.57M
2/1/1983,1983,1,1,1,31,1/1/1983,1/31/1983,1983-01-03,1983-01-31,4:00,2.57M,,2.29M
1/1/1983,1983,0,1,0,31,12/1/1982,12/31/1982,1982-12-01,1982-12-31,4:00,2.29M,,2.23M
12/1/1982,1982,11,1,11,30,11/1/1982,11/30/1982,1982-11-01,1982-11-30,4:00,2.23M,,2.09M
11/1/1982,1982,10,1,10,31,10/1/1982,10/31/1982,1982-10-01,1982-10-29,4:00,2.09M,,1.95M
10/1/1982,1982,9,1,9,30,9/1/1982,9/30/1982,1982-09-01,1982-09-30,4:00,1.95M,,1.90M
9/1/1982,1982,8,1,8,31,8/1/1982,8/31/1982,1982-08-02,1982-08-31,4:00,1.90M,,1.89M
8/1/1982,1982,7,1,7,31,7/1/1982,7/31/1982,1982-07-01,1982-07-30,4:00,1.89M,,1.89M
7/1/1982,1982,6,1,6,30,6/1/1982,6/30/1982,1982-06-01,1982-06-30,4:00,1.89M,,1.86M
6/1/1982,1982,5,1,5,31,5/1/1982,5/31/1982,1982-05-03,1982-05-31,4:00,1.86M,,1.89M
5/1/1982,1982,4,1,4,30,4/1/1982,4/30/1982,1982-04-01,1982-04-30,4:00,1.89M,,1.99M
4/1/1982,1982,3,1,3,31,3/1/1982,3/31/1982,1982-03-01,1982-03-31,4:00,1.99M,,1.99M
3/1/1982,1982,2,1,2,28,2/1/1982,2/28/1982,1982-02-01,1982-02-26,4:00,1.99M,,1.91M
2/1/1982,1982,1,1,1,31,1/1/1982,1/31/1982,1982-01-01,1982-01-29,4:00,1.91M,,2.02M
1/1/1982,1982,0,1,0,31,12/1/1981,12/31/1981,1981-12-01,1981-12-31,4:00,2.02M,,2.02M
12/1/1981,1981,11,1,11,30,11/1/1981,11/30/1981,1981-11-02,1981-11-30,4:00,2.02M,,2.08M
11/1/1981,1981,10,1,10,31,10/1/1981,10/31/1981,1981-10-01,1981-10-30,4:00,2.08M,,2.18M
10/1/1981,1981,9,1,9,30,9/1/1981,9/30/1981,1981-09-01,1981-09-30,4:00,2.18M,,2.34M
9/1/1981,1981,8,1,8,31,8/1/1981,8/31/1981,1981-08-03,1981-08-31,4:00,2.34M,,2.49M
8/1/1981,1981,7,1,7,31,7/1/1981,7/31/1981,1981-07-01,1981-07-31,4:00,2.49M,,2.59M
7/1/1981,1981,6,1,6,30,6/1/1981,6/30/1981,1981-06-01,1981-06-30,4:00,2.59M,,2.63M
6/1/1981,1981,5,1,5,31,5/1/1981,5/31/1981,1981-05-01,1981-05-29,4:00,2.63M,,2.67M
5/1/1981,1981,4,1,4,30,4/1/1981,4/30/1981,1981-04-01,1981-04-30,4:00,2.67M,,2.60M
4/1/1981,1981,3,1,3,31,3/1/1981,3/31/1981,1981-03-02,1981-03-31,4:00,2.60M,,2.69M
3/1/1981,1981,2,1,2,28,2/1/1981,2/28/1981,1981-02-02,1981-02-27,4:00,2.69M,,2.71M
2/1/1981,1981,1,1,1,31,1/1/1981,1/31/1981,1981-01-01,1981-01-30,4:00,2.71M,,2.91M
1/1/1981,1981,0,1,0,31,12/1/1980,12/31/1980,1980-12-01,1980-12-31,4:00,2.91M,,3.05M
12/1/1980,1980,11,1,11,30,11/1/1980,11/30/1980,1980-11-03,1980-11-28,4:00,3.05M,,3.21M
11/1/1980,1980,10,1,10,31,10/1/1980,10/31/1980,1980-10-01,1980-10-31,4:00,3.21M,,3.40M
10/1/1980,1980,9,1,9,30,9/1/1980,9/30/1980,1980-09-01,1980-09-30,4:00,3.40M,,3.05M
9/1/1980,1980,8,1,8,31,8/1/1980,8/31/1980,1980-08-01,1980-08-29,4:00,3.05M,,2.93M
8/1/1980,1980,7,1,7,31,7/1/1980,7/31/1980,1980-07-01,1980-07-31,4:00,2.93M,,2.60M
7/1/1980,1980,6,1,6,30,6/1/1980,6/30/1980,1980-06-02,1980-06-30,4:00,2.60M,,2.48M
6/1/1980,1980,5,1,5,31,5/1/1980,5/31/1980,1980-05-01,1980-05-30,4:00,2.48M,,2.54M
5/1/1980,1980,4,1,4,30,4/1/1980,4/30/1980,1980-04-01,1980-04-30,4:00,2.54M,,2.97M
4/1/1980,1980,3,1,3,31,3/1/1980,3/31/1980,1980-03-03,1980-03-31,4:00,2.97M,,3.19M
3/1/1980,1980,2,1,2,29,2/1/1980,2/29/1980,1980-02-01,1980-02-29,4:00,3.19M,,3.33M
2/1/1980,1980,1,1,1,31,1/1/1980,1/31/1980,1980-01-01,1980-01-31,4:00,3.33M,,3.39M
1/1/1980,1980,0,1,0,31,12/1/1979,12/31/1979,1979-12-03,1979-12-31,4:00,3.39M,,3.48M
12/1/1979,1979,11,1,11,30,11/1/1979,11/30/1979,1979-11-01,1979-11-30,4:00,3.48M,,3.77M
11/1/1979,1979,10,1,10,31,10/1/1979,10/31/1979,1979-10-01,1979-10-31,4:00,3.77M,,3.94M
10/1/1979,1979,9,1,9,30,9/1/1979,9/30/1979,1979-09-03,1979-09-28,4:00,3.94M,,3.84M
9/1/1979,1979,8,1,8,31,8/1/1979,8/31/1979,1979-08-01,1979-08-31,4:00,3.84M,,3.82M
8/1/1979,1979,7,1,7,31,7/1/1979,7/31/1979,1979-07-02,1979-07-31,4:00,3.82M,,3.80M
7/1/1979,1979,6,1,6,30,6/1/1979,6/30/1979,1979-06-01,1979-06-29,4:00,3.80M,,4.09M
6/1/1979,1979,5,1,5,31,5/1/1979,5/31/1979,1979-05-01,1979-05-31,4:00,4.09M,,3.99M
5/1/1979,1979,4,1,4,30,4/1/1979,4/30/1979,1979-04-02,1979-04-30,4:00,3.99M,,3.96M
4/1/1979,1979,3,1,3,31,3/1/1979,3/31/1979,1979-03-01,1979-03-30,4:00,3.96M,,3.99M
3/1/1979,1979,2,1,2,28,2/1/1979,2/28/1979,1979-02-01,1979-02-28,4:00,3.99M,,3.86M
2/1/1979,1979,1,1,1,31,1/1/1979,1/31/1979,1979-01-01,1979-01-31,4:00,3.86M,,3.98M
1/1/1979,1979,0,1,0,31,12/1/1978,12/31/1978,1978-12-01,1978-12-29,4:00,3.98M,,4.15M
12/1/1978,1978,11,1,11,30,11/1/1978,11/30/1978,1978-11-01,1978-11-30,4:00,4.15M,,4.00M
11/1/1978,1978,10,1,10,31,10/1/1978,10/31/1978,1978-10-02,1978-10-31,4:00,4.00M,,3.93M
10/1/1978,1978,9,1,9,30,9/1/1978,9/30/1978,1978-09-01,1978-09-29,4:00,3.93M,,3.96M
9/1/1978,1978,8,1,8,31,8/1/1978,8/31/1978,1978-08-01,1978-08-31,4:00,3.96M,,3.99M
8/1/1978,1978,7,1,7,31,7/1/1978,7/31/1978,1978-07-03,1978-07-31,4:00,3.99M,,4.04M
7/1/1978,1978,6,1,6,30,6/1/1978,6/30/1978,1978-06-01,1978-06-30,4:00,4.04M,,4.00M
6/1/1978,1978,5,1,5,31,5/1/1978,5/31/1978,1978-05-01,1978-05-31,4:00,4.00M,,4.09M
5/1/1978,1978,4,1,4,30,4/1/1978,4/30/1978,1978-04-03,1978-04-28,4:00,4.09M,,3.97M
4/1/1978,1978,3,1,3,31,3/1/1978,3/31/1978,1978-03-01,1978-03-31,4:00,3.97M,,3.83M
3/1/1978,1978,2,1,2,28,2/1/1978,2/28/1978,1978-02-01,1978-02-28,4:00,3.83M,,3.90M
2/1/1978,1978,1,1,1,31,1/1/1978,1/31/1978,1978-01-02,1978-01-31,4:00,3.90M,,3.89M
1/1/1978,1978,0,1,0,31,12/1/1977,12/31/1977,1977-12-01,1977-12-30,4:00,3.89M,,3.86M
12/1/1977,1977,11,1,11,30,11/1/1977,11/30/1977,1977-11-01,1977-11-30,4:00,3.86M,,3.71M
11/1/1977,1977,10,1,10,31,10/1/1977,10/31/1977,1977-10-03,1977-10-31,4:00,3.71M,,3.76M
10/1/1977,1977,9,1,9,30,9/1/1977,9/30/1977,1977-09-01,1977-09-30,4:00,3.76M,,3.71M
9/1/1977,1977,8,1,8,31,8/1/1977,8/31/1977,1977-08-01,1977-08-31,4:00,3.71M,,3.65M
8/1/1977,1977,7,1,7,31,7/1/1977,7/31/1977,1977-07-01,1977-07-29,4:00,3.65M,,3.63M
7/1/1977,1977,6,1,6,30,6/1/1977,6/30/1977,1977-06-01,1977-06-30,4:00,3.63M,,3.64M
6/1/1977,1977,5,1,5,31,5/1/1977,5/31/1977,1977-05-02,1977-05-31,4:00,3.64M,,3.53M
5/1/1977,1977,4,1,4,30,4/1/1977,4/30/1977,1977-04-01,1977-04-29,4:00,3.53M,,3.58M
4/1/1977,1977,3,1,3,31,3/1/1977,3/31/1977,1977-03-01,1977-03-31,4:00,3.58M,,3.36M
3/1/1977,1977,2,1,2,28,2/1/1977,2/28/1977,1977-02-01,1977-02-28,4:00,3.36M,,3.43M
2/1/1977,1977,1,1,1,31,1/1/1977,1/31/1977,1977-01-03,1977-01-31,4:00,3.43M,,3.34M
1/1/1977,1977,0,1,0,31,12/1/1976,12/31/1976,1976-12-01,1976-12-31,4:00,3.34M,,3.22M
12/1/1976,1976,11,1,11,30,11/1/1976,11/30/1976,1976-11-01,1976-11-30,4:00,3.22M,,3.16M
11/1/1976,1976,10,1,10,31,10/1/1976,10/31/1976,1976-10-01,1976-10-29,4:00,3.16M,,3.21M
10/1/1976,1976,9,1,9,30,9/1/1976,9/30/1976,1976-09-01,1976-09-30,4:00,3.21M,,3.11M
9/1/1976,1976,8,1,8,31,8/1/1976,8/31/1976,1976-08-02,1976-08-31,4:00,3.11M,,3.10M
8/1/1976,1976,7,1,7,31,7/1/1976,7/31/1976,1976-07-01,1976-07-30,4:00,3.10M,,3.11M
7/1/1976,1976,6,1,6,30,6/1/1976,6/30/1976,1976-06-01,1976-06-30,4:00,3.11M,,2.96M
6/1/1976,1976,5,1,5,31,5/1/1976,5/31/1976,1976-05-03,1976-05-31,4:00,2.96M,,2.94M
5/1/1976,1976,4,1,4,30,4/1/1976,4/30/1976,1976-04-01,1976-04-30,4:00,2.94M,,2.90M
4/1/1976,1976,3,1,3,31,3/1/1976,3/31/1976,1976-03-01,1976-03-31,4:00,2.90M,,2.93M
3/1/1976,1976,2,1,2,29,2/1/1976,2/29/1976,1976-02-02,1976-02-27,4:00,2.93M,,2.81M
2/1/1976,1976,1,1,1,31,1/1/1976,1/31/1976,1976-01-01,1976-01-30,4:00,2.81M,,2.78M
1/1/1976,1976,0,1,0,31,12/1/1975,12/31/1975,1975-12-01,1975-12-31,4:00,2.78M,,2.74M
12/1/1975,1975,11,1,11,30,11/1/1975,11/30/1975,1975-11-03,1975-11-28,4:00,2.74M,,2.68M
11/1/1975,1975,10,1,10,31,10/1/1975,10/31/1975,1975-10-01,1975-10-31,4:00,2.68M,,2.63M
10/1/1975,1975,9,1,9,30,9/1/1975,9/30/1975,1975-09-01,1975-09-30,4:00,2.63M,,2.53M
9/1/1975,1975,8,1,8,31,8/1/1975,8/31/1975,1975-08-01,1975-08-29,4:00,2.53M,,2.45M
8/1/1975,1975,7,1,7,31,7/1/1975,7/31/1975,1975-07-01,1975-07-31,4:00,2.45M,,2.51M
7/1/1975,1975,6,1,6,30,6/1/1975,6/30/1975,1975-06-02,1975-06-30,4:00,2.51M,,2.47M
6/1/1975,1975,5,1,5,31,5/1/1975,5/31/1975,1975-05-01,1975-05-30,4:00,2.47M,,2.39M
5/1/1975,1975,4,1,4,30,4/1/1975,4/30/1975,1975-04-01,1975-04-30,4:00,2.39M,,2.29M
4/1/1975,1975,3,1,3,31,3/1/1975,3/31/1975,1975-03-03,1975-03-31,4:00,2.29M,,2.23M
3/1/1975,1975,2,1,2,28,2/1/1975,2/28/1975,1975-02-03,1975-02-28,4:00,2.23M,,2.06M
2/1/1975,1975,1,1,1,31,1/1/1975,1/31/1975,1975-01-01,1975-01-31,4:00,2.06M,,2.11M
1/1/1975,1975,0,1,0,31,12/1/1974,12/31/1974,1974-12-02,1974-12-31,4:00,2.11M,,2.09M
12/1/1974,1974,11,1,11,30,11/1/1974,11/30/1974,1974-11-01,1974-11-29,4:00,2.09M,,2.10M
11/1/1974,1974,10,1,10,31,10/1/1974,10/31/1974,1974-10-01,1974-10-31,4:00,2.10M,,2.15M
10/1/1974,1974,9,1,9,30,9/1/1974,9/30/1974,1974-09-02,1974-09-30,4:00,2.15M,,2.25M
9/1/1974,1974,8,1,8,31,8/1/1974,8/31/1974,1974-08-01,1974-08-30,4:00,2.25M,,2.29M
8/1/1974,1974,7,1,7,31,7/1/1974,7/31/1974,1974-07-01,1974-07-31,4:00,2.29M,,2.27M
7/1/1974,1974,6,1,6,30,6/1/1974,6/30/1974,1974-06-03,1974-06-28,4:00,2.27M,,2.40M
6/1/1974,1974,5,1,5,31,5/1/1974,5/31/1974,1974-05-01,1974-05-31,4:00,2.40M,,2.39M
5/1/1974,1974,4,1,4,30,4/1/1974,4/30/1974,1974-04-01,1974-04-30,4:00,2.39M,,2.44M
4/1/1974,1974,3,1,3,31,3/1/1974,3/31/1974,1974-03-01,1974-03-29,4:00,2.44M,,2.38M
3/1/1974,1974,2,1,2,28,2/1/1974,2/28/1974,1974-02-01,1974-02-28,4:00,2.38M,,2.41M
2/1/1974,1974,1,1,1,31,1/1/1974,1/31/1974,1974-01-01,1974-01-31,4:00,2.41M,,2.23M
1/1/1974,1974,0,1,0,31,12/1/1973,12/31/1973,1973-12-03,1973-12-31,4:00,2.23M,,2.26M
12/1/1973,1973,11,1,11,30,11/1/1973,11/30/1973,1973-11-01,1973-11-30,4:00,2.26M,,2.27M
11/1/1973,1973,10,1,10,31,10/1/1973,10/31/1973,1973-10-01,1973-10-31,4:00,2.27M,,2.24M
10/1/1973,1973,9,1,9,30,9/1/1973,9/30/1973,1973-09-03,1973-09-28,4:00,2.24M,,2.28M
9/1/1973,1973,8,1,8,31,8/1/1973,8/31/1973,1973-08-01,1973-08-31,4:00,2.28M,,2.34M
8/1/1973,1973,7,1,7,31,7/1/1973,7/31/1973,1973-07-02,1973-07-31,4:00,2.34M,,2.36M
7/1/1973,1973,6,1,6,30,6/1/1973,6/30/1973,1973-06-01,1973-06-29,4:00,2.36M,,2.33M
6/1/1973,1973,5,1,5,31,5/1/1973,5/31/1973,1973-05-01,1973-05-31,4:00,2.33M,,2.35M
5/1/1973,1973,4,1,4,30,4/1/1973,4/30/1973,1973-04-02,1973-04-30,4:00,2.35M,,2.42M
4/1/1973,1973,3,1,3,31,3/1/1973,3/31/1973,1973-03-01,1973-03-30,4:00,2.42M,,2.50M
3/1/1973,1973,2,1,2,28,2/1/1973,2/28/1973,1973-02-01,1973-02-28,4:00,2.50M,,2.43M
2/1/1973,1973,1,1,1,31,1/1/1973,1/31/1973,1973-01-01,1973-01-31,4:00,2.43M,,2.49M
1/1/1973,1973,0,1,0,31,12/1/1972,12/31/1972,1972-12-01,1972-12-29,4:00,2.49M,,2.38M
12/1/1972,1972,11,1,11,30,11/1/1972,11/30/1972,1972-11-01,1972-11-30,4:00,2.38M,,2.38M
11/1/1972,1972,10,1,10,31,10/1/1972,10/31/1972,1972-10-02,1972-10-31,4:00,2.38M,,2.34M
10/1/1972,1972,9,1,9,30,9/1/1972,9/30/1972,1972-09-01,1972-09-29,4:00,2.34M,,2.30M
9/1/1972,1972,8,1,8,31,8/1/1972,8/31/1972,1972-08-01,1972-08-31,4:00,2.30M,,2.19M
8/1/1972,1972,7,1,7,31,7/1/1972,7/31/1972,1972-07-03,1972-07-31,4:00,2.19M,,2.17M
7/1/1972,1972,6,1,6,30,6/1/1972,6/30/1972,1972-06-01,1972-06-30,4:00,2.17M,,2.11M
6/1/1972,1972,5,1,5,31,5/1/1972,5/31/1972,1972-05-01,1972-05-31,4:00,2.11M,,2.16M
5/1/1972,1972,4,1,4,30,4/1/1972,4/30/1972,1972-04-03,1972-04-28,4:00,2.16M,,2.18M
4/1/1972,1972,3,1,3,31,3/1/1972,3/31/1972,1972-03-01,1972-03-31,4:00,2.18M,,2.15M
3/1/1972,1972,2,1,2,29,2/1/1972,2/29/1972,1972-02-01,1972-02-29,4:00,2.15M,,2.20M
2/1/1972,1972,1,1,1,31,1/1/1972,1/31/1972,1972-01-03,1972-01-31,4:00,2.20M,,2.18M
1/1/1972,1972,0,1,0,31,12/1/1971,12/31/1971,1971-12-01,1971-12-31,4:00,2.18M,,2.14M
12/1/1971,1971,11,1,11,30,11/1/1971,11/30/1971,1971-11-01,1971-11-30,4:00,2.14M,,2.05M
11/1/1971,1971,10,1,10,31,10/1/1971,10/31/1971,1971-10-01,1971-10-29,4:00,2.05M,,2.05M
10/1/1971,1971,9,1,9,30,9/1/1971,9/30/1971,1971-09-01,1971-09-30,4:00,2.05M,,2.00M
9/1/1971,1971,8,1,8,31,8/1/1971,8/31/1971,1971-08-02,1971-08-31,4:00,2.00M,,2.00M
8/1/1971,1971,7,1,7,31,7/1/1971,7/31/1971,1971-07-01,1971-07-30,4:00,2.00M,,1.99M
7/1/1971,1971,6,1,6,30,6/1/1971,6/30/1971,1971-06-01,1971-06-30,4:00,1.99M,,2.04M
6/1/1971,1971,5,1,5,31,5/1/1971,5/31/1971,1971-05-03,1971-05-31,4:00,2.04M,,2.01M
5/1/1971,1971,4,1,4,30,4/1/1971,4/30/1971,1971-04-01,1971-04-30,4:00,2.01M,,1.98M
4/1/1971,1971,3,1,3,31,3/1/1971,3/31/1971,1971-03-01,1971-03-31,4:00,1.98M,,1.90M
3/1/1971,1971,2,1,2,28,2/1/1971,2/28/1971,1971-02-01,1971-02-26,4:00,1.90M,,1.91M
2/1/1971,1971,1,1,1,31,1/1/1971,1/31/1971,1971-01-01,1971-01-29,4:00,1.91M,,1.85M
1/1/1971,1971,0,1,0,31,12/1/1970,12/31/1970,1970-12-01,1970-12-31,4:00,1.85M,,1.75M
12/1/1970,1970,11,1,11,30,11/1/1970,11/30/1970,1970-11-02,1970-11-30,4:00,1.75M,,1.70M
11/1/1970,1970,10,1,10,31,10/1/1970,10/31/1970,1970-10-01,1970-10-30,4:00,1.70M,,1.73M
10/1/1970,1970,9,1,9,30,9/1/1970,9/30/1970,1970-09-01,1970-09-30,4:00,1.73M,,1.72M
9/1/1970,1970,8,1,8,31,8/1/1970,8/31/1970,1970-08-03,1970-08-31,4:00,1.72M,,1.63M
8/1/1970,1970,7,1,7,31,7/1/1970,7/31/1970,1970-07-01,1970-07-31,4:00,1.63M,,1.58M
7/1/1970,1970,6,1,6,30,6/1/1970,6/30/1970,1970-06-01,1970-06-30,4:00,1.58M,,1.53M
6/1/1970,1970,5,1,5,31,5/1/1970,5/31/1970,1970-05-01,1970-05-29,4:00,1.53M,,1.51M
5/1/1970,1970,4,1,4,30,4/1/1970,4/30/1970,1970-04-01,1970-04-30,4:00,1.51M,,1.37M
4/1/1970,1970,3,1,3,31,3/1/1970,3/31/1970,1970-03-02,1970-03-31,4:00,1.37M,,1.46M
3/1/1970,1970,2,1,2,28,2/1/1970,2/28/1970,1970-02-02,1970-02-27,4:00,1.46M,,1.53M
2/1/1970,1970,1,1,1,31,1/1/1970,1/31/1970,1970-01-01,1970-01-30,4:00,1.53M,,1.60M
1/1/1970,1970,0,1,0,31,12/1/1969,12/31/1969,1969-12-01,1969-12-31,4:00,1.60M,,
